2002/07/04,000000,05,32,34,38,39,49,08
2002/07/06,000000,10,20,21,33,40,44,34
2002/07/09,000000,10,20,26,28,35,48,13
2002/07/11,000000,14,19,23,36,44,46,07
2002/07/13,000000,09,24,25,27,36,38,41
2002/07/16,000000,07,13,14,20,29,32,28
2002/07/18,000000,11,22,24,28,29,38,20
2002/07/20,000000,01,11,29,33,36,44,37
2002/07/23,000000,09,12,25,31,43,44,05
2002/07/25,000000,01,05,06,31,39,46,44
2002/07/27,000000,01,23,25,32,43,44,30
2002/07/30,000000,06,22,25,26,27,45,36
2002/08/01,000000,03,07,11,22,28,36,18
2002/08/03,000000,09,10,11,15,19,28,37
2002/08/06,000000,05,10,24,32,39,49,01
2002/08/08,000000,05,15,26,27,28,35,02
2002/08/10,000000,05,28,29,31,44,46,45
2002/08/13,000000,07,14,26,32,41,49,12
2002/08/15,000000,04,23,24,25,38,40,37
2002/08/17,000000,10,17,36,43,45,47,33
2002/08/20,000000,02,06,16,26,36,41,08
2002/08/22,000000,01,03,08,25,43,46,21
2002/08/24,000000,02,07,12,19,23,49,04
2002/08/27,000000,22,24,28,33,36,39,41
2002/08/29,000000,03,07,31,32,35,47,15
2002/08/31,000000,03,04,23,25,31,44,35
2002/09/03,000000,10,37,40,42,43,46,30
2002/09/05,000000,15,22,34,40,41,47,10
2002/09/10,000000,08,14,16,22,37,46,36
2002/09/12,000000,11,23,32,33,43,48,02
2002/09/17,000000,05,13,19,27,29,35,40
2002/09/20,000000,15,19,25,34,38,44,05
2002/09/24,000000,01,10,34,41,47,48,19
2002/09/26,000000,10,12,15,17,34,42,29
2002/09/30,000000,07,15,24,41,47,49,25
2002/10/03,000000,06,10,11,32,35,46,22
2002/10/08,000000,05,09,20,30,32,42,02
2002/10/10,000000,05,09,18,25,47,48,17
2002/10/15,000000,01,12,14,33,36,37,13
2002/10/17,000000,05,07,16,37,42,44,38
2002/10/22,000000,01,13,18,30,32,46,19
2002/10/24,000000,08,12,19,22,29,41,01
2002/10/29,000000,08,10,14,25,43,44,41
2002/10/31,000000,02,03,08,22,27,28,45
2002/11/04,000000,01,03,12,23,31,48,34
2002/11/07,000000,06,07,29,32,42,46,01
2002/11/12,000000,05,08,09,26,33,38,28
2002/11/14,000000,02,06,14,25,45,49,42
2002/11/19,000000,03,15,22,23,42,47,18
2002/11/21,000000,04,16,18,25,29,41,21
2002/11/26,000000,19,21,40,42,46,47,33
2002/11/28,000000,17,19,26,31,37,43,38
2002/12/03,000000,09,11,14,17,24,28,46
2002/12/05,000000,11,21,27,31,37,44,01
2002/12/10,000000,05,36,37,38,46,49,17
2002/12/12,000000,07,15,16,23,31,35,08
2002/12/17,000000,06,18,39,40,41,42,09
2002/12/20,000000,13,18,23,24,26,33,15
2002/12/23,000000,01,11,18,19,39,40,42
2002/12/27,000000,10,14,22,34,40,43,04
2002/12/31,000000,10,18,19,28,40,44,24
2003/01/02,000000,05,06,16,23,26,27,46
2003/01/07,000000,09,10,12,26,38,43,15
2003/01/09,000000,08,17,21,22,23,49,24
2003/01/14,000000,07,11,13,28,32,33,20
2003/01/16,000000,02,34,36,39,40,42,29
2003/01/21,000000,16,20,21,43,44,49,06
2003/01/23,000000,06,14,23,27,36,38,49
2003/01/28,000000,05,10,25,30,41,46,48
2003/01/30,000000,04,05,06,07,08,28,23
2003/02/04,000000,07,12,20,27,28,43,46
2003/02/06,000000,04,11,18,26,31,46,16
2003/02/11,000000,11,22,23,28,38,40,29
2003/02/13,000000,04,08,12,24,39,40,18
2003/02/18,000000,10,16,19,20,40,49,24
2003/02/20,000000,01,13,16,24,41,48,35
2003/02/25,000000,13,19,23,28,42,45,15
2003/02/27,000000,04,09,12,21,25,34,36
2003/03/04,000000,09,32,33,38,42,44,43
2003/03/06,000000,15,20,35,40,45,48,30
2003/03/11,000000,10,20,22,31,35,39,17
2003/03/13,000000,02,03,20,21,43,49,32
2003/03/18,000000,08,10,22,23,24,35,33
2003/03/20,000000,13,14,21,23,39,42,36
2003/03/25,000000,13,23,28,30,34,42,20
2003/03/27,000000,09,21,22,26,37,48,35
2003/04/01,000000,12,17,30,40,43,48,18
2003/04/03,000000,21,29,32,38,41,43,07
2003/04/08,000000,06,11,13,24,40,47,42
2003/04/10,000000,07,11,13,23,31,33,28
2003/04/15,000000,09,15,27,28,37,39,33
2003/04/17,000000,12,18,26,34,38,45,43
2003/04/22,000000,07,14,26,27,31,36,43
2003/04/24,000000,11,14,17,20,42,47,27
2003/04/29,000000,19,30,37,41,47,49,03
2003/05/02,000000,03,08,10,19,31,35,36
2003/05/06,000000,07,19,30,34,37,44,48
2003/05/09,000000,11,20,23,29,32,33,35
2003/05/13,000000,09,17,20,29,34,35,18
2003/05/15,000000,08,29,31,32,36,38,12
2003/05/20,000000,06,28,39,40,43,45,42
2003/05/22,000000,08,14,17,23,28,43,26
2003/05/27,000000,01,27,28,29,31,49,06
2003/05/29,000000,13,16,19,31,39,47,29
2003/06/03,000000,02,12,21,37,47,49,11
2003/06/05,000000,09,27,30,33,44,48,37
2003/06/10,000000,10,19,26,30,32,44,29
2003/06/12,000000,03,14,27,31,38,44,26
2003/06/17,000000,03,11,18,22,24,37,49
2003/06/19,000000,03,04,10,24,26,47,12
2003/06/24,000000,02,10,21,22,37,44,47
2003/06/26,000000,07,09,26,29,37,40,11
2003/06/30,000000,14,16,18,32,44,47,02
2003/07/03,000000,05,06,12,20,39,47,38
2003/07/05,000000,01,12,13,16,36,46,49
2003/07/08,000000,01,06,15,21,23,33,30
2003/07/10,000000,24,28,29,30,42,49,47
2003/07/12,000000,14,17,28,31,37,43,39
2003/07/15,000000,01,04,05,07,09,27,21
2003/07/17,000000,12,16,21,24,30,39,07
2003/07/19,000000,05,07,10,23,31,34,38
2003/07/22,000000,02,06,09,14,17,29,22
2003/07/24,000000,18,24,26,29,30,46,39
2003/07/26,000000,12,14,25,30,34,35,23
2003/07/29,000000,02,05,06,11,20,34,32
2003/07/31,000000,05,15,17,18,24,47,07
2003/08/02,000000,16,29,31,33,36,38,04
2003/08/05,000000,02,22,39,41,42,45,26
2003/08/07,000000,02,12,17,31,37,40,01
2003/08/09,000000,16,17,26,28,40,42,44
2003/08/12,000000,06,09,18,26,33,38,29
2003/08/14,000000,02,11,17,18,20,27,10
2003/08/16,000000,02,03,06,08,25,39,38
2003/08/19,000000,13,16,20,30,36,47,24
2003/08/21,000000,09,10,18,21,36,45,06
2003/08/23,000000,08,14,31,33,36,42,34
2003/08/26,000000,07,10,21,25,37,39,09
2003/08/28,000000,05,06,27,28,36,41,47
2003/08/30,000000,15,16,17,22,25,28,12
2003/09/04,000000,01,04,17,26,38,44,11
2003/09/09,000000,07,12,21,28,31,41,03
2003/09/12,000000,01,05,21,28,35,41,38
2003/09/16,000000,02,04,13,43,48,49,24
2003/09/18,000000,04,05,14,18,28,31,24
2003/09/20,000000,02,03,09,13,31,43,10
2003/09/23,000000,02,13,20,22,39,49,41
2003/09/25,000000,02,07,09,40,41,42,28
2003/09/30,000000,10,18,24,27,28,38,21
2003/10/02,000000,04,07,10,15,19,39,22
2003/10/04,000000,08,23,31,33,41,47,38
2003/10/07,000000,17,28,33,38,42,47,34
2003/10/09,000000,19,23,31,40,44,47,03
2003/10/14,000000,09,16,30,31,32,37,24
2003/10/16,000000,06,27,36,38,43,49,40
2003/10/18,000000,14,20,26,39,40,42,12
2003/10/21,000000,24,25,35,41,44,47,38
2003/10/23,000000,07,10,15,21,30,43,08
2003/10/28,000000,07,21,25,42,47,49,01
2003/10/30,000000,10,11,17,19,39,45,15
2003/11/01,000000,04,08,12,15,23,33,36
2003/11/03,000000,06,09,18,22,31,41,24
2003/11/06,000000,05,06,14,27,28,49,42
2003/11/11,000000,01,04,19,28,37,49,29
2003/11/14,000000,25,28,29,37,44,48,43
2003/11/18,000000,11,14,22,24,34,48,43
2003/11/20,000000,18,25,31,34,35,37,05
2003/11/25,000000,11,13,30,39,41,48,45
2003/11/27,000000,07,10,15,38,45,49,22
2003/11/29,000000,02,03,04,14,44,46,05
2003/12/02,000000,08,12,18,23,41,48,19
2003/12/04,000000,02,03,08,19,25,39,49
2003/12/09,000000,10,15,20,31,35,48,14
2003/12/11,000000,01,14,19,22,31,35,34
2003/12/13,000000,06,13,22,29,33,42,11
2003/12/16,000000,11,13,33,36,37,48,46
2003/12/18,000000,23,24,31,33,42,44,27
2003/12/23,000000,05,17,19,34,42,48,44
2003/12/30,000000,01,22,36,38,39,47,27
2004/01/03,000000,03,31,33,36,39,49,01
2004/01/06,000000,07,14,17,22,29,43,36
2004/01/08,000000,14,26,33,39,40,43,23
2004/01/13,000000,30,34,39,43,48,49,06
2004/01/15,000000,08,09,13,31,40,48,43
2004/01/17,000000,03,05,19,26,32,49,01
2004/01/20,000000,05,06,09,28,31,32,19
2004/01/27,000000,10,13,18,29,40,41,04
2004/01/29,000000,21,22,24,27,31,42,11
2004/01/31,000000,01,29,30,32,41,46,08
2004/02/03,000000,04,10,43,45,46,48,13
2004/02/05,000000,12,22,29,35,43,48,38
2004/02/10,000000,20,22,32,37,39,44,11
2004/02/12,000000,09,17,21,22,31,32,04
2004/02/14,000000,04,13,15,28,45,49,07
2004/02/17,000000,07,15,20,28,38,41,37
2004/02/19,000000,03,06,09,14,26,40,19
2004/02/21,000000,07,22,24,25,40,41,01
2004/02/24,000000,02,03,04,08,16,18,06
2004/02/26,000000,01,09,14,39,45,48,03
2004/03/02,000000,08,20,33,36,46,49,18
2004/03/04,000000,01,19,20,34,42,43,15
2004/03/06,000000,09,10,26,31,35,41,42
2004/03/09,000000,10,21,26,30,31,42,48
2004/03/11,000000,14,23,33,35,36,43,37
2004/03/16,000000,07,10,18,23,37,39,17
2004/03/18,000000,02,03,04,25,36,47,08
2004/03/20,000000,06,21,28,36,44,49,32
2004/03/23,000000,04,05,17,20,28,39,03
2004/03/25,000000,07,10,13,21,22,23,35
2004/03/30,000000,07,09,11,21,37,45,30
2004/04/02,000000,11,12,13,22,26,31,10
2004/04/06,000000,03,07,13,25,31,33,45
2004/04/08,000000,01,07,13,32,37,48,26
2004/04/10,000000,09,12,17,42,47,49,34
2004/04/13,000000,01,23,24,30,47,49,42
2004/04/15,000000,23,31,34,43,45,47,48
2004/04/20,000000,06,09,12,19,22,25,17
2004/04/22,000000,08,32,36,39,44,46,33
2004/04/24,000000,24,30,39,43,44,48,23
2004/04/27,000000,07,11,15,29,46,49,21
2004/04/29,000000,04,19,26,30,31,34,37
2004/05/04,000000,16,21,29,37,46,47,35
2004/05/06,000000,08,28,33,36,38,47,02
2004/05/11,000000,07,11,13,22,24,37,36
2004/05/13,000000,09,13,21,37,40,48,12
2004/05/15,000000,07,08,15,27,34,49,22
2004/05/18,000000,10,21,23,30,43,49,03
2004/05/20,000000,04,18,31,40,45,47,29
2004/05/25,000000,14,23,27,37,40,45,39
2004/05/27,000000,02,16,19,24,48,49,12
2004/05/29,000000,03,10,20,27,40,46,09
2004/06/01,000000,09,27,32,38,39,43,31
2004/06/03,000000,13,33,37,40,41,47,48
2004/06/05,000000,06,08,12,29,32,40,45
2004/06/08,000000,07,18,28,29,37,49,12
2004/06/11,000000,11,16,26,42,43,48,32
2004/06/15,000000,03,07,13,20,36,48,47
2004/06/17,000000,05,09,18,21,28,32,07
2004/06/19,000000,28,34,38,41,46,48,36
2004/06/24,000000,03,05,06,11,13,40,45
2004/06/26,000000,07,21,23,29,33,44,09
2004/06/29,000000,03,07,09,14,25,44,45
2004/07/01,000000,11,25,32,33,37,42,31
2004/07/03,000000,02,16,18,35,48,49,43
2004/07/06,000000,09,22,37,40,42,48,26
2004/07/08,000000,03,06,08,13,28,36,38
2004/07/10,000000,01,06,07,12,36,42,34
2004/07/13,000000,01,03,13,18,21,35,15
2004/07/15,000000,06,30,31,37,38,43,24
2004/07/17,000000,07,09,18,32,48,49,10
2004/07/20,000000,06,08,12,21,32,43,25
2004/07/22,000000,01,06,07,08,24,42,22
2004/07/24,000000,10,18,22,34,36,37,15
2004/07/27,000000,01,02,20,34,35,43,37
2004/07/29,000000,01,16,26,31,35,36,38
2004/07/31,000000,13,14,32,40,43,48,12
2004/08/03,000000,07,14,27,29,37,49,09
2004/08/05,000000,08,13,27,39,40,45,49
2004/08/07,000000,08,16,27,39,40,48,14
2004/08/10,000000,16,17,27,44,45,47,49
2004/08/12,000000,19,21,22,34,48,49,42
2004/08/14,000000,01,05,16,22,30,34,39
2004/08/17,000000,27,29,30,39,40,42,47
2004/08/19,000000,12,19,24,27,36,44,29
2004/08/21,000000,14,23,26,28,36,37,40
2004/08/24,000000,10,14,17,30,36,45,47
2004/08/26,000000,02,09,19,30,36,37,41
2004/08/28,000000,01,30,33,42,44,48,49
2004/08/31,000000,05,16,17,18,23,27,10
2004/09/02,000000,01,05,11,22,32,45,28
2004/09/04,000000,15,17,18,21,28,37,40
2004/09/07,000000,03,04,16,19,32,45,14
2004/09/10,000000,20,23,27,38,40,47,33
2004/09/14,000000,03,07,10,21,30,36,14
2004/09/16,000000,11,12,18,20,27,42,16
2004/09/18,000000,07,20,24,30,38,41,19
2004/09/21,000000,01,03,30,33,35,42,12
2004/09/24,000000,11,14,17,30,42,46,29
2004/09/26,000000,07,15,17,28,40,41,10
2004/09/28,000000,22,28,31,36,39,49,32
2004/09/30,000000,12,13,14,20,23,28,22
2004/10/02,000000,03,13,15,39,43,44,31
2004/10/05,000000,04,12,14,22,46,48,23
2004/10/07,000000,18,19,33,43,45,48,11
2004/10/10,000000,04,16,24,26,32,39,06
2004/10/12,000000,04,06,20,35,37,39,41
2004/10/14,000000,07,17,27,29,30,34,36
2004/10/16,000000,07,12,20,33,43,44,38
2004/10/19,000000,05,17,21,27,31,41,06
2004/10/21,000000,12,27,30,31,34,48,17
2004/10/24,000000,11,15,24,25,26,33,42
2004/10/26,000000,06,24,30,43,44,45,11
2004/10/28,000000,01,12,26,27,36,49,21
2004/10/31,000000,14,21,23,30,33,37,10
2004/11/04,000000,07,18,19,25,42,45,41
2004/11/07,000000,02,13,17,33,38,42,05
2004/11/09,000000,02,05,12,21,30,31,06
2004/11/11,000000,07,09,12,13,16,33,37
2004/11/13,000000,07,09,22,38,39,49,48
2004/11/16,000000,07,15,23,30,34,41,10
2004/11/18,000000,03,11,12,13,26,28,31
2004/11/20,000000,06,26,30,34,40,43,03
2004/11/23,000000,10,15,16,21,25,38,24
2004/11/25,000000,17,19,21,35,40,49,42
2004/11/27,000000,09,21,28,30,34,44,10
2004/11/30,000000,08,21,29,31,38,42,23
2004/12/02,000000,03,09,10,27,31,36,26
2004/12/05,000000,06,10,13,24,31,46,25
2004/12/07,000000,16,25,26,42,44,48,20
2004/12/09,000000,04,28,36,43,46,49,40
2004/12/11,000000,03,09,31,36,37,45,19
2004/12/14,000000,03,19,22,25,31,48,12
2004/12/17,000000,06,11,14,26,46,47,40
2004/12/19,000000,01,24,25,32,34,39,10
2004/12/21,000000,02,20,36,45,48,49,21
2004/12/23,000000,01,10,12,16,43,45,13
2004/12/25,000000,02,15,28,30,37,41,31
2004/12/28,000000,05,09,35,38,43,48,06
2004/12/30,000000,17,20,28,34,38,47,14
2005/01/02,000000,11,18,32,36,39,43,34
2005/01/04,000000,04,05,06,08,20,38,35
2005/01/06,000000,03,06,10,14,40,42,15
2005/01/09,000000,10,30,38,42,45,49,27
2005/01/11,000000,05,06,11,25,35,40,44
2005/01/13,000000,16,24,27,30,42,46,17
2005/01/15,000000,09,10,14,16,25,49,23
2005/01/18,000000,05,13,18,20,21,26,11
2005/01/20,000000,09,13,21,28,33,46,06
2005/01/22,000000,05,07,13,19,35,46,24
2005/01/25,000000,15,20,31,34,37,48,04
2005/01/27,000000,03,06,07,15,26,35,40
2005/01/29,000000,02,09,18,19,28,33,35
2005/02/01,000000,09,18,23,33,44,49,29
2005/02/04,000000,02,19,20,33,37,48,10
2005/02/07,000000,09,21,36,38,43,49,23
2005/02/10,000000,02,08,20,21,40,41,24
2005/02/12,000000,11,13,16,19,25,32,26
2005/02/15,000000,05,08,27,28,33,46,02
2005/02/17,000000,08,13,16,42,45,47,33
2005/02/19,000000,02,18,28,42,45,49,17
2005/02/22,000000,02,16,20,32,35,41,24
2005/02/24,000000,06,22,25,39,41,49,13
2005/02/26,000000,01,16,36,41,42,44,18
2005/03/01,000000,03,07,12,25,33,35,30
2005/03/03,000000,02,05,25,31,40,43,22
2005/03/06,000000,02,10,16,35,37,45,26
2005/03/08,000000,04,08,17,39,47,48,01
2005/03/10,000000,03,07,08,24,42,49,37
2005/03/12,000000,03,06,08,11,28,31,19
2005/03/15,000000,02,06,27,44,45,49,23
2005/03/18,000000,02,22,25,30,44,48,46
2005/03/20,000000,01,09,21,35,36,47,33
2005/03/22,000000,02,09,10,13,15,24,19
2005/03/24,000000,02,10,13,22,24,25,05
2005/03/27,000000,02,05,10,14,29,37,03
2005/03/29,000000,06,09,13,21,46,47,12
2005/03/31,000000,02,12,14,38,39,43,48
2005/04/02,000000,11,12,17,22,31,43,45
2005/04/05,000000,10,15,25,29,34,37,13
2005/04/07,000000,01,05,24,25,35,49,14
2005/04/10,000000,03,05,14,40,46,49,06
2005/04/12,000000,09,10,22,23,28,36,49
2005/04/14,000000,12,17,33,43,45,47,10
2005/04/17,000000,11,15,19,29,42,49,05
2005/04/19,000000,04,09,22,30,33,35,13
2005/04/21,000000,02,03,13,14,17,38,31
2005/04/23,000000,03,09,27,31,38,45,34
2005/04/26,000000,12,13,30,36,39,47,08
2005/04/28,000000,02,08,22,36,38,40,05
2005/04/30,000000,13,16,21,30,36,37,02
2005/05/03,000000,02,08,16,25,33,37,01
2005/05/05,000000,09,20,21,22,30,48,06
2005/05/08,000000,07,09,10,21,39,49,41
2005/05/10,000000,04,11,14,20,36,41,15
2005/05/12,000000,02,14,16,23,35,38,47
2005/05/15,000000,07,12,18,33,44,45,32
2005/05/17,000000,03,14,17,32,39,42,08
2005/05/19,000000,16,18,23,31,34,47,38
2005/05/22,000000,05,06,10,16,20,21,19
2005/05/24,000000,01,11,18,22,23,42,10
2005/05/26,000000,12,33,39,43,45,49,10
2005/05/28,000000,17,22,23,26,28,46,02
2005/05/31,000000,11,16,17,19,24,43,13
2005/06/02,000000,04,17,20,33,39,43,26
2005/06/04,000000,04,20,32,39,40,42,33
2005/06/07,000000,10,11,18,26,41,48,27
2005/06/09,000000,03,13,27,29,36,37,24
2005/06/11,000000,11,18,22,29,40,48,44
2005/06/14,000000,02,05,07,18,22,48,11
2005/06/16,000000,05,07,15,35,36,44,04
2005/06/19,000000,06,15,18,25,26,47,27
2005/06/21,000000,11,22,29,31,32,42,03
2005/06/23,000000,02,21,29,38,44,48,10
2005/06/25,000000,15,25,33,38,40,49,21
2005/06/28,000000,01,23,25,30,32,46,42
2005/06/30,000000,04,16,22,27,32,36,17
2005/07/02,000000,02,04,23,32,43,45,42
2005/07/05,000000,06,09,13,21,41,43,45
2005/07/07,000000,04,22,24,30,31,34,17
2005/07/09,000000,06,10,16,21,23,39,05
2005/07/12,000000,06,07,18,22,30,34,02
2005/07/14,000000,10,17,18,34,48,49,29
2005/07/16,000000,05,06,17,35,39,49,44
2005/07/19,000000,05,14,26,30,31,42,04
2005/07/21,000000,08,13,15,28,29,48,03
2005/07/23,000000,07,08,15,22,35,49,17
2005/07/26,000000,06,12,14,25,27,30,08
2005/07/29,000000,25,35,39,42,43,49,05
2005/07/31,000000,05,13,14,33,45,46,25
2005/08/02,000000,21,25,33,36,42,48,13
2005/08/04,000000,01,07,19,27,38,47,03
2005/08/06,000000,05,21,33,34,44,45,40
2005/08/09,000000,09,13,22,35,38,39,04
2005/08/11,000000,09,11,23,29,33,38,06
2005/08/13,000000,09,13,32,38,48,49,41
2005/08/16,000000,01,11,21,27,37,48,18
2005/08/18,000000,02,19,24,39,41,49,21
2005/08/20,000000,03,08,13,17,22,29,18
2005/08/23,000000,01,03,14,26,36,47,42
2005/08/25,000000,05,13,20,25,29,39,35
2005/08/27,000000,01,03,20,23,33,37,14
2005/08/30,000000,04,09,17,26,40,46,18
2005/09/01,000000,04,14,19,21,24,48,10
2005/09/03,000000,07,11,18,34,35,48,42
2005/09/06,000000,09,15,20,23,39,41,44
2005/09/08,000000,08,10,13,14,31,48,47
2005/09/10,000000,01,04,19,33,34,40,25
2005/09/13,000000,16,26,29,39,41,46,34
2005/09/16,000000,22,24,28,33,34,42,48
2005/09/18,000000,03,05,08,14,27,35,09
2005/09/20,000000,04,05,21,26,37,47,07
2005/09/22,000000,02,04,12,13,19,42,39
2005/09/25,000000,01,06,14,19,26,30,17
2005/09/27,000000,01,17,20,28,35,43,18
2005/09/30,000000,11,14,20,24,25,35,33
2005/10/04,000000,02,09,16,25,36,38,14
2005/10/06,000000,23,26,27,29,30,45,18
2005/10/08,000000,09,11,15,25,44,48,27
2005/10/11,000000,08,09,16,24,29,48,05
2005/10/13,000000,24,34,35,38,41,47,45
2005/10/15,000000,03,14,17,41,46,47,20
2005/10/18,000000,14,15,18,20,38,42,35
2005/10/20,000000,06,10,22,30,43,44,29
2005/10/23,000000,09,25,30,31,35,37,01
2005/10/25,000000,03,12,26,30,39,41,25
2005/10/27,000000,02,05,13,19,40,49,07
2005/10/29,000000,08,10,11,24,31,37,38
2005/10/31,000000,02,18,30,34,37,41,28
2005/11/03,000000,01,03,10,31,34,35,27
2005/11/06,000000,03,11,13,20,38,49,19
2005/11/08,000000,03,10,13,35,48,49,33
2005/11/10,000000,07,08,12,37,41,48,40
2005/11/12,000000,01,13,21,22,24,40,27
2005/11/15,000000,23,24,26,30,47,49,43
2005/11/17,000000,04,09,10,14,15,49,05
2005/11/19,000000,02,03,15,30,32,46,23
2005/11/22,000000,12,23,25,31,44,45,03
2005/11/24,000000,01,04,05,08,13,43,22
2005/11/26,000000,03,16,25,37,38,45,18
2005/11/29,000000,13,18,24,26,44,45,27
2005/12/01,000000,10,32,33,38,41,47,06
2005/12/04,000000,09,10,27,32,37,45,04
2005/12/06,000000,01,02,03,07,14,15,11
2005/12/08,000000,03,09,16,31,36,42,20
2005/12/10,000000,02,09,22,32,35,41,20
2005/12/13,000000,01,06,14,22,33,47,09
2005/12/15,000000,12,14,19,27,34,43,24
2005/12/18,000000,01,04,15,22,40,44,02
2005/12/20,000000,09,16,19,20,30,43,44
2005/12/22,000000,08,18,19,23,24,42,32
2005/12/24,000000,06,10,19,20,22,36,03
2005/12/27,000000,04,09,17,18,31,43,19
2005/12/29,000000,09,11,21,22,24,41,33
2005/12/31,000000,02,07,11,31,40,43,36
2006/01/03,000000,17,23,24,25,26,38,47
2006/01/05,000000,05,10,22,38,44,46,13
2006/01/08,000000,01,10,26,28,38,42,43
2006/01/10,000000,05,21,25,36,38,39,04
2006/01/12,000000,15,24,25,27,36,37,35
2006/01/14,000000,01,12,19,29,32,34,46
2006/01/17,000000,11,13,25,29,38,47,12
2006/01/19,000000,24,26,28,31,44,47,17
2006/01/21,000000,01,07,20,34,40,45,22
2006/01/24,000000,06,14,28,31,33,35,26
2006/01/26,000000,18,22,23,27,28,43,35
2006/01/28,000000,16,22,27,30,39,41,40
2006/01/30,000000,09,21,22,33,35,48,43
2006/02/02,000000,03,04,05,20,23,37,38
2006/02/04,000000,19,34,39,40,41,45,23
2006/02/07,000000,05,12,15,24,40,41,44
2006/02/09,000000,03,06,13,29,39,49,09
2006/02/12,000000,12,15,26,30,41,45,04
2006/02/14,000000,07,22,32,34,42,43,06
2006/02/16,000000,03,12,16,22,29,34,30
2006/02/18,000000,10,12,14,28,42,46,37
2006/02/21,000000,07,15,24,31,36,49,40
2006/02/23,000000,18,31,35,39,40,43,10
2006/02/25,000000,13,18,22,31,34,37,19
2006/02/28,000000,10,14,23,25,27,40,37
2006/03/02,000000,01,05,14,22,29,43,20
2006/03/05,000000,01,07,14,15,22,45,24
2006/03/07,000000,02,11,30,42,48,49,36
2006/03/09,000000,09,19,20,30,39,40,10
2006/03/11,000000,01,13,14,19,21,30,40
2006/03/14,000000,07,12,13,25,39,48,09
2006/03/16,000000,04,27,33,37,42,49,36
2006/03/18,000000,01,06,13,30,33,43,09
2006/03/21,000000,04,08,16,22,23,43,18
2006/03/23,000000,03,07,18,20,26,32,10
2006/03/25,000000,26,32,36,42,43,45,44
2006/03/28,000000,01,03,10,15,21,28,37
2006/03/30,000000,02,12,17,19,30,33,23
2006/04/02,000000,08,12,25,29,39,45,44
2006/04/04,000000,07,11,14,35,38,43,26
2006/04/07,000000,10,11,16,29,30,35,28
2006/04/09,000000,18,28,34,44,45,47,08
2006/04/11,000000,05,21,26,30,36,41,17
2006/04/13,000000,13,28,32,39,44,49,48
2006/04/16,000000,09,11,20,22,29,38,37
2006/04/18,000000,11,14,27,28,38,44,12
2006/04/20,000000,02,09,12,16,37,40,19
2006/04/22,000000,06,08,11,28,42,46,31
2006/04/25,000000,02,24,26,29,32,33,06
2006/04/27,000000,01,07,08,30,34,37,41
2006/04/29,000000,06,10,19,24,28,47,22
2006/05/02,000000,03,13,18,27,33,45,29
2006/05/04,000000,02,03,32,46,47,48,35
2006/05/06,000000,05,17,23,28,31,32,18
2006/05/09,000000,18,22,24,25,26,43,23
2006/05/11,000000,07,12,15,27,29,49,36
2006/05/14,000000,01,07,14,23,45,48,43
2006/05/16,000000,23,26,35,36,39,43,05
2006/05/18,000000,11,23,31,32,33,40,49
2006/05/20,000000,15,20,38,41,44,46,34
2006/05/23,000000,01,14,28,41,45,47,29
2006/05/25,000000,09,27,29,38,39,40,47
2006/05/27,000000,01,22,34,35,36,47,07
2006/05/30,000000,10,16,21,30,33,48,19
2006/06/01,000000,12,17,24,35,44,46,10
2006/06/03,000000,05,09,16,29,36,47,17
2006/06/06,000000,02,09,29,31,42,49,05
2006/06/08,000000,17,34,36,41,46,48,26
2006/06/11,000000,03,05,07,18,40,45,15
2006/06/13,000000,02,06,17,33,42,45,13
2006/06/15,000000,04,15,16,22,24,45,02
2006/06/18,000000,05,06,07,18,27,35,19
2006/06/20,000000,04,05,17,39,40,42,03
2006/06/22,000000,04,05,33,36,48,49,02
2006/06/24,000000,18,21,32,33,36,37,06
2006/06/27,000000,10,12,21,26,27,49,14
2006/06/29,000000,02,03,13,17,19,36,47
2006/07/01,000000,04,13,30,42,47,48,40
2006/07/04,000000,01,04,05,13,14,19,18
2006/07/06,000000,01,07,09,16,21,49,12
2006/07/08,000000,02,06,10,13,30,33,40
2006/07/11,000000,01,30,34,42,45,46,08
2006/07/13,000000,01,08,09,10,34,36,17
2006/07/15,000000,09,20,23,34,35,45,15
2006/07/18,000000,10,13,22,27,32,39,43
2006/07/20,000000,06,13,15,26,30,33,16
2006/07/22,000000,02,06,16,20,23,24,19
2006/07/25,000000,10,16,23,34,38,41,05
2006/07/27,000000,01,19,21,31,43,47,18
2006/07/29,000000,02,23,29,34,35,37,41
2006/08/01,000000,07,10,20,30,34,46,19
2006/08/03,000000,09,10,16,19,32,45,18
2006/08/05,000000,01,08,11,14,16,45,41
2006/08/08,000000,10,20,24,28,32,49,09
2006/08/10,000000,12,15,18,23,35,38,33
2006/08/12,000000,02,13,18,26,28,43,41
2006/08/15,000000,08,18,21,23,30,47,10
2006/08/17,000000,10,17,19,27,37,38,26
2006/08/19,000000,03,25,27,28,43,45,42
2006/08/22,000000,08,18,22,34,48,49,33
2006/08/24,000000,03,11,14,21,40,45,08
2006/08/26,000000,27,29,31,36,39,43,23
2006/08/29,000000,14,34,37,40,48,49,30
2006/08/31,000000,04,26,30,35,45,46,20
2006/09/02,000000,03,16,17,34,46,48,41
2006/09/05,000000,04,08,14,22,41,48,39
2006/09/07,000000,05,08,15,25,33,48,11
2006/09/09,000000,08,12,14,17,23,25,10
2006/09/12,000000,02,32,40,41,43,45,30
2006/09/14,000000,12,26,27,28,32,46,47
2006/09/17,000000,05,11,14,20,22,41,33
2006/09/19,000000,03,11,22,25,27,33,21
2006/09/21,000000,01,22,33,40,43,48,35
2006/09/23,000000,03,13,20,34,37,40,11
2006/09/26,000000,07,09,15,18,32,43,08
2006/09/28,000000,05,15,22,30,42,49,37
2006/09/30,000000,01,02,04,11,12,23,06
2006/10/03,000000,01,05,09,19,35,45,30
2006/10/05,000000,05,09,16,32,35,42,04
2006/10/08,000000,01,04,17,22,27,28,15
2006/10/10,000000,06,08,22,39,40,47,17
2006/10/12,000000,05,09,10,22,26,38,39
2006/10/14,000000,03,16,20,36,41,49,45
2006/10/17,000000,05,22,29,33,36,40,32
2006/10/19,000000,09,11,15,29,35,44,18
2006/10/22,000000,03,18,24,26,42,43,16
2006/10/24,000000,12,28,29,30,44,48,34
2006/10/26,000000,05,08,13,17,26,41,22
2006/10/28,000000,07,28,33,35,42,44,41
2006/10/31,000000,01,06,13,28,35,44,30
2006/11/02,000000,05,07,28,35,36,39,31
2006/11/05,000000,11,22,38,41,42,45,20
2006/11/09,000000,02,21,22,34,36,38,45
2006/11/11,000000,10,13,18,21,31,48,17
2006/11/14,000000,08,14,20,34,36,49,46
2006/11/16,000000,03,10,12,32,35,44,41
2006/11/18,000000,10,11,14,34,40,49,43
2006/11/21,000000,03,07,16,26,31,35,18
2006/11/23,000000,06,10,19,32,41,49,05
2006/11/25,000000,07,18,30,35,36,49,29
2006/11/28,000000,06,10,21,23,35,36,08
2006/11/30,000000,05,08,09,27,31,35,15
2006/12/03,000000,10,22,25,32,34,44,30
2006/12/05,000000,20,21,38,41,45,46,14
2006/12/07,000000,05,08,10,27,34,40,47
2006/12/09,000000,21,22,24,28,43,48,44
2006/12/12,000000,06,15,26,30,39,41,14
2006/12/14,000000,02,14,15,29,37,47,45
2006/12/17,000000,09,13,17,21,22,33,41
2006/12/19,000000,05,11,17,32,33,48,04
2006/12/21,000000,05,28,35,46,48,49,11
2006/12/24,000000,16,29,31,34,39,42,41
2006/12/28,000000,03,11,14,20,27,44,43
2006/12/30,000000,05,06,07,21,30,40,42
2007/01/02,000000,06,12,14,30,32,38,41
2007/01/04,000000,07,08,33,40,42,49,13
2007/01/06,000000,03,17,33,38,43,49,14
2007/01/09,000000,11,14,16,19,34,43,48
2007/01/11,000000,01,02,10,27,40,41,43
2007/01/13,000000,06,07,25,28,38,45,16
2007/01/16,000000,04,14,23,25,38,42,10
2007/01/18,000000,07,10,33,39,48,49,42
2007/01/21,000000,09,18,26,28,36,44,19
2007/01/23,000000,06,19,25,31,32,35,15
2007/01/25,000000,05,06,23,24,38,48,30
2007/01/27,000000,11,25,26,36,39,41,16
2007/01/30,000000,09,11,12,14,18,24,38
2007/02/01,000000,08,13,32,33,39,47,17
2007/02/03,000000,06,11,12,19,27,39,28
2007/02/06,000000,11,12,19,22,42,47,36
2007/02/08,000000,09,24,26,27,37,44,03
2007/02/11,000000,11,22,25,32,41,45,01
2007/02/13,000000,03,13,14,21,22,32,07
2007/02/15,000000,07,15,17,38,45,48,46
2007/02/17,000000,09,16,17,28,33,42,29
2007/02/19,000000,04,17,18,35,37,47,32
2007/02/22,000000,02,08,11,18,32,39,46
2007/02/24,000000,07,09,22,24,32,36,08
2007/02/27,000000,09,10,16,30,38,41,02
2007/03/01,000000,16,18,25,29,33,43,41
2007/03/03,000000,04,10,30,35,43,46,14
2007/03/06,000000,05,08,22,27,32,41,45
2007/03/08,000000,06,12,16,25,33,49,48
2007/03/11,000000,02,07,16,30,37,39,20
2007/03/13,000000,01,04,12,35,39,46,14
2007/03/15,000000,01,14,39,40,45,49,42
2007/03/17,000000,21,23,26,36,45,49,02
2007/03/20,000000,01,11,23,37,42,43,24
2007/03/22,000000,06,09,12,15,43,47,49
2007/03/24,000000,02,05,06,12,22,40,24
2007/03/27,000000,12,21,24,32,36,46,13
2007/03/29,000000,02,22,23,40,44,45,32
2007/04/01,000000,16,17,21,28,38,45,10
2007/04/03,000000,09,22,30,41,42,48,49
2007/04/05,000000,13,33,35,39,40,48,27
2007/04/07,000000,05,07,08,23,36,41,24
2007/04/10,000000,06,09,13,31,40,45,47
2007/04/12,000000,04,08,24,27,35,45,15
2007/04/15,000000,11,14,19,35,44,49,10
2007/04/17,000000,02,20,40,43,45,49,38
2007/04/19,000000,07,09,15,29,32,48,38
2007/04/21,000000,19,27,41,42,44,49,20
2007/04/24,000000,04,06,07,14,19,37,09
2007/04/26,000000,17,22,24,35,37,40,11
2007/04/30,000000,10,11,18,27,38,44,37
2007/05/03,000000,03,17,32,44,46,47,33
2007/05/05,000000,07,09,11,20,45,49,42
2007/05/08,000000,11,20,23,30,46,48,22
2007/05/10,000000,04,06,12,14,41,46,15
2007/05/13,000000,14,16,25,28,36,38,40
2007/05/15,000000,12,30,33,36,42,43,15
2007/05/17,000000,04,05,14,27,37,39,35
2007/05/19,000000,21,24,31,36,38,46,43
2007/05/22,000000,20,21,23,28,38,40,13
2007/05/26,000000,23,24,26,29,36,41,12
2007/05/29,000000,02,08,12,25,29,46,07
2007/05/31,000000,01,04,07,20,25,38,17
2007/06/02,000000,16,20,26,27,42,46,32
2007/06/05,000000,05,09,11,21,22,37,32
2007/06/07,000000,01,04,15,34,44,47,07
2007/06/10,000000,01,06,09,36,37,48,13
2007/06/12,000000,07,30,31,41,45,47,04
2007/06/14,000000,03,19,21,29,33,41,46
2007/06/16,000000,03,15,18,19,28,37,30
2007/06/19,000000,04,08,11,12,20,32,47
2007/06/21,000000,01,05,11,26,43,45,22
2007/06/23,000000,10,24,27,28,31,38,23
2007/06/26,000000,02,17,24,32,35,47,34
2007/06/28,000000,04,15,38,40,41,46,33
2007/06/30,000000,01,04,10,18,37,44,20
2007/07/03,000000,16,22,35,36,45,48,32
2007/07/05,000000,14,23,25,26,35,38,21
2007/07/07,000000,04,08,10,15,35,45,16
2007/07/10,000000,12,13,17,24,31,43,49
2007/07/12,000000,06,16,17,18,22,49,33
2007/07/14,000000,10,19,24,30,45,49,34
2007/07/17,000000,05,10,12,13,16,42,41
2007/07/19,000000,01,26,27,36,42,45,12
2007/07/21,000000,05,09,18,40,43,45,17
2007/07/24,000000,16,26,30,36,41,49,13
2007/07/26,000000,13,22,28,32,37,46,17
2007/07/28,000000,18,21,29,30,31,38,34
2007/07/31,000000,03,04,21,43,47,48,07
2007/08/02,000000,08,22,29,35,40,41,06
2007/08/07,000000,01,14,26,32,45,48,46
2007/08/09,000000,03,04,05,12,17,44,37
2007/08/11,000000,06,09,35,38,43,44,41
2007/08/14,000000,07,09,12,27,29,40,05
2007/08/16,000000,14,16,18,26,30,35,10
2007/08/18,000000,14,18,22,31,35,40,46
2007/08/21,000000,10,13,22,33,36,48,31
2007/08/24,000000,10,19,20,28,37,43,06
2007/08/26,000000,06,20,23,42,44,45,13
2007/08/28,000000,04,09,20,27,37,43,07
2007/08/30,000000,03,04,13,23,34,39,37
2007/09/01,000000,02,06,16,38,39,44,15
2007/09/04,000000,06,28,38,44,45,49,34
2007/09/06,000000,04,12,18,35,40,44,38
2007/09/08,000000,01,03,14,31,34,35,16
2007/09/11,000000,14,23,26,35,36,44,05
2007/09/13,000000,08,14,15,25,32,38,11
2007/09/16,000000,06,07,08,17,24,27,38
2007/09/18,000000,10,12,24,37,41,43,17
2007/09/20,000000,06,11,13,28,40,41,49
2007/09/22,000000,05,06,24,44,48,49,45
2007/09/25,000000,02,08,16,24,25,34,40
2007/09/27,000000,06,09,17,23,34,45,02
2007/09/29,000000,35,41,42,44,47,49,48
2007/10/02,000000,10,21,30,34,37,43,17
2007/10/04,000000,06,14,28,29,37,38,12
2007/10/06,000000,07,20,25,33,38,45,26
2007/10/09,000000,09,10,16,23,32,49,19
2007/10/11,000000,12,19,23,26,33,42,27
2007/10/13,000000,23,24,25,27,43,45,11
2007/10/16,000000,06,10,11,14,31,40,49
2007/10/18,000000,01,02,37,39,47,48,34
2007/10/20,000000,04,14,18,19,30,42,34
2007/10/23,000000,06,13,21,29,31,37,25
2007/10/25,000000,04,14,31,35,42,49,01
2007/10/27,000000,02,27,30,35,43,46,36
2007/10/30,000000,12,19,31,41,42,47,13
2007/11/01,000000,05,09,12,18,24,43,07
2007/11/04,000000,04,13,25,27,40,47,45
2007/11/08,000000,06,14,18,28,30,37,21
2007/11/10,000000,01,06,08,15,41,43,02
2007/11/13,000000,02,06,15,30,38,42,29
2007/11/15,000000,12,16,18,27,41,45,29
2007/11/18,000000,01,04,06,20,25,32,43
2007/11/20,000000,06,13,14,22,30,44,26
2007/11/22,000000,01,12,29,39,40,48,41
2007/11/24,000000,05,19,25,32,40,42,04
2007/11/27,000000,07,25,27,33,35,45,06
2007/11/29,000000,10,13,19,27,43,48,08
2007/12/02,000000,18,25,29,30,32,35,39
2007/12/04,000000,18,23,26,28,30,45,15
2007/12/06,000000,05,26,33,38,39,46,47
2007/12/08,000000,09,14,35,38,41,42,40
2007/12/11,000000,16,18,24,35,40,41,47
2007/12/13,000000,05,07,15,18,23,42,10
2007/12/16,000000,01,17,23,25,40,44,26
2007/12/18,000000,01,02,06,19,24,40,44
2007/12/22,000000,01,09,17,28,42,46,32
2007/12/25,000000,01,02,21,30,44,46,33
2007/12/27,000000,07,17,37,38,40,48,43
2007/12/29,000000,06,12,16,33,41,48,08
2007/12/31,000000,15,16,21,23,37,45,04
2008/01/03,000000,05,08,36,39,42,46,14
2008/01/05,000000,03,11,14,32,33,42,15
2008/01/08,000000,02,09,14,24,40,45,03
2008/01/10,000000,04,20,36,42,46,47,22
2008/01/13,000000,08,13,18,22,26,42,43
2008/01/15,000000,10,11,15,18,37,45,26
2008/01/17,000000,08,19,24,35,36,40,23
2008/01/19,000000,04,07,08,20,32,34,24
2008/01/22,000000,09,16,17,30,33,49,41
2008/01/24,000000,10,23,26,38,42,46,29
2008/01/26,000000,13,15,19,22,33,38,39
2008/01/29,000000,16,22,24,33,43,44,29
2008/01/31,000000,24,32,41,42,48,49,10
2008/02/03,000000,01,34,36,37,42,46,39
2008/02/05,000000,03,06,36,40,43,48,08
2008/02/08,000000,02,16,30,31,38,48,36
2008/02/10,000000,07,24,26,30,32,39,47
2008/02/12,000000,12,23,31,37,40,45,35
2008/02/14,000000,04,06,15,29,33,39,18
2008/02/16,000000,02,05,08,22,29,41,28
2008/02/19,000000,05,15,29,32,38,39,31
2008/02/21,000000,18,22,24,27,30,48,03
2008/02/23,000000,02,09,14,24,33,47,48
2008/02/26,000000,09,20,23,30,34,39,13
2008/02/28,000000,06,08,13,17,35,49,45
2008/03/02,000000,05,07,22,30,32,35,13
2008/03/04,000000,02,05,13,20,21,49,36
2008/03/06,000000,07,12,24,25,39,44,27
2008/03/08,000000,16,25,31,36,38,49,29
2008/03/11,000000,05,13,15,23,28,40,17
2008/03/13,000000,12,28,31,33,36,44,07
2008/03/15,000000,08,10,21,22,30,47,28
2008/03/18,000000,13,23,28,30,37,44,49
2008/03/20,000000,04,12,22,26,33,45,08
2008/03/22,000000,13,18,32,38,48,49,40
2008/03/25,000000,07,14,15,22,25,35,32
2008/03/27,000000,03,04,16,32,45,48,23
2008/03/29,000000,06,09,30,32,39,48,04
2008/04/01,000000,15,16,27,40,44,49,31
2008/04/03,000000,01,06,17,28,36,41,31
2008/04/08,000000,11,13,21,36,39,40,43
2008/04/13,000000,01,09,22,23,34,38,24
2008/04/15,000000,08,25,31,38,43,48,23
2008/04/17,000000,07,10,11,27,31,48,05
2008/04/19,000000,07,10,16,19,42,46,20
2008/04/22,000000,08,14,31,36,40,46,09
2008/04/24,000000,08,12,13,25,31,35,21
2008/04/26,000000,13,15,17,19,24,32,09
2008/04/29,000000,20,22,24,25,40,41,35
2008/05/03,000000,01,03,04,05,37,39,08
2008/05/06,000000,07,08,13,26,28,49,17
2008/05/08,000000,16,24,31,35,37,49,39
2008/05/10,000000,05,06,27,41,47,49,40
2008/05/13,000000,08,19,26,34,37,40,29
2008/05/15,000000,07,21,22,38,45,47,40
2008/05/17,000000,03,18,24,45,46,48,31
2008/05/20,000000,01,04,06,23,25,47,49
2008/05/22,000000,01,19,23,29,34,41,15
2008/05/24,000000,01,05,12,14,19,31,45
2008/05/27,000000,22,23,24,28,29,43,06
2008/05/29,000000,01,06,27,39,44,49,36
2008/05/31,000000,11,26,31,34,36,42,13
2008/06/03,000000,05,32,33,40,41,49,30
2008/06/07,000000,06,11,14,23,39,45,10
2008/06/10,000000,02,07,11,20,29,45,48
2008/06/12,000000,04,06,09,15,22,37,03
2008/06/14,000000,03,15,19,40,41,44,13
2008/06/17,000000,03,05,06,13,31,32,15
2008/06/19,000000,02,11,18,26,39,45,24
2008/06/21,000000,01,05,13,29,34,44,25
2008/06/24,000000,08,09,22,27,29,42,38
2008/06/27,000000,08,33,39,40,46,48,24
2008/06/29,000000,01,02,07,19,28,34,05
2008/07/02,000000,03,21,26,29,31,48,01
2008/07/05,000000,02,06,07,15,20,38,14
2008/07/08,000000,15,18,19,21,24,26,36
2008/07/10,000000,05,12,17,18,41,44,32
2008/07/12,000000,05,21,25,27,38,40,11
2008/07/15,000000,09,17,19,24,38,47,03
2008/07/17,000000,15,18,25,27,38,47,02
2008/07/19,000000,01,18,24,29,35,46,02
2008/07/22,000000,10,29,33,40,43,45,08
2008/07/24,000000,05,15,29,31,38,45,48
2008/07/26,000000,09,10,12,13,41,48,06
2008/07/29,000000,07,15,25,34,35,38,06
2008/07/31,000000,01,08,25,33,34,41,28
2008/08/02,000000,04,06,08,11,33,35,25
2008/08/05,000000,06,11,16,38,42,49,40
2008/08/07,000000,03,17,23,24,30,47,26
2008/08/09,000000,08,15,19,21,32,42,10
2008/08/12,000000,10,11,15,26,28,31,43
2008/08/14,000000,16,20,23,27,41,46,06
2008/08/16,000000,14,25,32,38,43,46,35
2008/08/19,000000,07,19,24,26,32,39,20
2008/08/21,000000,01,03,20,21,35,37,46
2008/08/23,000000,03,09,10,20,25,34,41
2008/08/26,000000,02,13,19,25,30,43,44
2008/08/28,000000,01,21,27,31,34,38,10
2008/08/30,000000,02,08,10,37,44,49,22
2008/09/02,000000,09,13,16,22,24,31,18
2008/09/04,000000,07,17,22,26,31,42,12
2008/09/06,000000,04,10,18,22,23,38,35
2008/09/09,000000,03,07,15,23,29,48,05
2008/09/11,000000,02,08,12,20,25,49,34
2008/09/13,000000,03,08,09,16,34,46,42
2008/09/16,000000,04,09,14,25,36,40,45
2008/09/18,000000,02,17,34,38,46,49,33
2008/09/20,000000,04,05,10,27,28,49,46
2008/09/25,000000,01,04,15,16,29,46,30
2008/09/27,000000,07,17,33,36,39,44,31
2008/09/30,000000,11,26,27,39,40,47,34
2008/10/02,000000,13,17,20,29,32,42,15
2008/10/04,000000,04,14,16,19,22,35,09
2008/10/07,000000,04,10,26,34,46,49,05
2008/10/09,000000,01,02,12,19,27,38,41
2008/10/11,000000,08,11,35,37,38,46,27
2008/10/14,000000,11,14,19,21,41,44,31
2008/10/16,000000,06,21,31,40,42,44,07
2008/10/18,000000,03,06,07,09,32,35,24
2008/10/21,000000,01,08,09,32,35,37,14
2008/10/23,000000,05,09,19,21,27,46,37
2008/10/25,000000,03,13,18,20,22,30,39
2008/10/28,000000,03,10,11,13,26,48,09
2008/10/30,000000,05,13,23,33,37,40,39
2008/11/01,000000,11,17,19,23,32,44,25
2008/11/03,000000,01,08,20,25,38,43,39
2008/11/06,000000,05,06,28,35,42,43,04
2008/11/09,000000,01,04,06,15,24,48,43
2008/11/11,000000,17,19,20,27,32,35,11
2008/11/13,000000,09,10,20,33,34,43,42
2008/11/15,000000,02,05,08,24,32,37,35
2008/11/18,000000,05,11,18,28,29,32,10
2008/11/20,000000,04,13,31,36,40,41,49
2008/11/22,000000,01,03,04,17,24,28,07
2008/11/25,000000,03,09,18,38,46,48,13
2008/11/27,000000,04,06,14,21,36,46,41
2008/11/29,000000,05,06,27,33,36,37,48
2008/12/02,000000,03,13,29,30,31,43,08
2008/12/04,000000,08,10,28,35,37,47,12
2008/12/07,000000,04,09,17,26,28,30,01
2008/12/09,000000,07,14,21,43,44,47,35
2008/12/11,000000,01,10,11,41,47,48,20
2008/12/13,000000,01,07,27,36,40,48,13
2008/12/16,000000,21,29,32,36,38,44,43
2008/12/18,000000,02,22,27,31,40,46,13
2008/12/21,000000,06,13,20,26,34,40,10
2008/12/23,000000,22,24,26,29,33,48,46
2008/12/27,000000,02,17,19,21,24,34,18
2008/12/30,000000,04,08,18,29,40,47,09
2009/01/03,000000,02,10,16,21,22,30,26
2009/01/06,000000,09,14,23,30,42,45,19
2009/01/08,000000,18,19,22,33,42,46,07
2009/01/11,000000,03,07,16,19,44,47,31
2009/01/13,000000,12,15,36,40,41,49,42
2009/01/15,000000,06,09,10,12,24,32,30
2009/01/17,000000,01,15,16,28,29,47,37
2009/01/20,000000,05,13,22,29,34,42,37
2009/01/23,000000,05,17,37,38,44,47,12
2009/01/25,000000,04,12,19,40,44,47,49
2009/01/27,000000,07,13,17,21,42,45,36
2009/01/29,000000,06,08,09,17,25,36,04
2009/01/31,000000,04,09,10,14,24,29,38
2009/02/03,000000,08,12,26,31,44,46,42
2009/02/05,000000,03,23,25,36,46,47,20
2009/02/07,000000,09,12,42,44,45,48,35
2009/02/10,000000,04,06,14,21,24,48,08
2009/02/12,000000,10,14,22,28,32,42,36
2009/02/14,000000,12,17,31,37,39,46,08
2009/02/17,000000,08,12,15,26,39,44,06
2009/02/19,000000,06,09,16,26,29,36,08
2009/02/21,000000,07,08,14,15,20,21,44
2009/02/24,000000,01,09,32,37,38,47,25
2009/02/26,000000,14,15,19,23,24,25,02
2009/02/28,000000,05,15,22,24,34,46,26
2009/03/03,000000,22,25,30,37,38,49,15
2009/03/05,000000,02,07,17,20,33,47,45
2009/03/08,000000,03,04,11,28,37,40,36
2009/03/10,000000,21,27,32,33,39,48,09
2009/03/12,000000,02,12,15,16,30,32,05
2009/03/14,000000,10,16,19,33,42,43,12
2009/03/17,000000,11,12,14,17,21,37,10
2009/03/19,000000,06,14,18,21,32,46,43
2009/03/21,000000,13,23,27,32,34,43,22
2009/03/24,000000,04,12,15,16,38,46,21
2009/03/26,000000,05,14,34,36,38,42,19
2009/03/29,000000,24,32,36,40,42,43,47
2009/03/31,000000,01,07,15,23,29,35,14
2009/04/02,000000,07,13,20,33,39,45,30
2009/04/04,000000,02,06,10,17,18,46,34
2009/04/07,000000,04,21,22,29,41,45,14
2009/04/09,000000,07,09,22,29,44,49,01
2009/04/11,000000,03,16,25,38,45,47,35
2009/04/14,000000,02,07,22,27,41,42,05
2009/04/16,000000,01,11,12,19,28,30,49
2009/04/18,000000,10,14,22,29,33,48,05
2009/04/21,000000,04,18,31,41,42,43,24
2009/04/23,000000,15,20,34,42,45,46,23
2009/04/25,000000,04,17,34,38,46,49,07
2009/04/28,000000,03,07,20,34,36,41,39
2009/04/30,000000,08,11,21,30,38,49,35
2009/05/02,000000,01,06,18,29,39,48,10
2009/05/05,000000,05,29,30,31,41,45,47
2009/05/07,000000,02,03,07,09,16,34,14
2009/05/10,000000,11,14,21,28,41,48,32
2009/05/12,000000,09,25,29,36,38,41,23
2009/05/14,000000,06,23,31,43,46,49,40
2009/05/16,000000,03,07,11,18,20,27,02
2009/05/19,000000,28,33,36,38,40,45,04
2009/05/23,000000,01,08,21,32,37,46,22
2009/05/26,000000,11,14,19,25,27,47,20
2009/05/28,000000,02,12,20,28,46,49,31
2009/05/30,000000,09,12,14,20,27,36,11
2009/06/02,000000,05,07,18,26,29,47,02
2009/06/04,000000,04,09,19,22,24,43,01
2009/06/06,000000,01,05,08,23,32,48,03
2009/06/09,000000,07,13,16,35,42,46,25
2009/06/11,000000,08,11,15,20,33,43,34
2009/06/14,000000,12,13,25,39,42,43,38
2009/06/16,000000,16,25,27,30,37,41,36
2009/06/18,000000,02,11,17,19,22,26,13
2009/06/20,000000,07,11,24,32,35,49,46
2009/06/23,000000,01,19,34,39,43,48,45
2009/06/25,000000,12,19,26,30,36,45,20
2009/06/27,000000,16,18,21,26,30,48,45
2009/06/30,000000,05,11,15,17,25,46,24
2009/07/02,000000,06,19,22,24,29,40,04
2009/07/04,000000,02,14,17,19,20,49,26
2009/07/07,000000,06,27,30,38,41,47,20
2009/07/09,000000,04,24,26,30,31,46,02
2009/07/11,000000,02,09,18,21,32,47,26
2009/07/14,000000,02,10,19,39,46,47,41
2009/07/16,000000,03,05,14,17,29,45,31
2009/07/18,000000,24,28,29,38,39,41,19
2009/07/21,000000,01,04,06,13,15,48,39
2009/07/23,000000,01,03,11,15,39,47,44
2009/07/25,000000,04,22,23,31,36,47,20
2009/07/28,000000,04,11,20,28,46,49,31
2009/07/30,000000,04,11,12,18,21,40,44
2009/08/01,000000,01,08,20,45,47,48,11
2009/08/04,000000,09,27,32,34,36,37,20
2009/08/06,000000,18,28,38,39,47,48,24
2009/08/08,000000,05,08,10,11,23,30,42
2009/08/11,000000,01,15,23,24,31,39,33
2009/08/13,000000,03,06,18,27,29,37,04
2009/08/15,000000,06,16,20,23,24,34,42
2009/08/18,000000,01,03,15,18,20,33,48
2009/08/20,000000,12,15,22,26,27,29,37
2009/08/22,000000,03,04,12,29,32,48,16
2009/08/25,000000,05,11,12,15,24,32,39
2009/08/27,000000,05,08,17,24,30,42,34
2009/08/29,000000,04,17,18,26,33,35,40
2009/09/01,000000,17,19,22,27,40,46,04
2009/09/04,000000,06,09,14,17,47,49,38
2009/09/06,000000,09,24,35,40,41,48,31
2009/09/08,000000,11,13,16,20,21,28,15
2009/09/10,000000,07,29,31,32,33,35,48
2009/09/12,000000,01,03,14,17,35,43,47
2009/09/15,000000,11,14,16,17,35,49,34
2009/09/17,000000,19,21,24,28,30,48,26
2009/09/19,000000,20,23,28,37,39,41,26
2009/09/22,000000,01,05,09,18,24,32,38
2009/09/24,000000,09,19,22,26,34,36,24
2009/09/27,000000,01,03,09,30,41,47,19
2009/09/29,000000,01,05,15,33,40,48,21
2009/10/03,000000,04,06,11,16,22,39,10
2009/10/06,000000,12,15,17,24,36,49,14
2009/10/08,000000,21,31,33,35,39,44,28
2009/10/10,000000,02,12,16,19,20,49,04
2009/10/13,000000,13,15,18,36,43,45,07
2009/10/15,000000,15,17,22,37,39,47,26
2009/10/18,000000,02,04,15,20,32,42,48
2009/10/20,000000,08,26,34,36,39,46,35
2009/10/22,000000,01,02,24,29,40,47,07
2009/10/24,000000,22,25,26,34,41,45,15
2009/10/27,000000,13,16,31,35,41,42,36
2009/10/29,000000,13,14,15,16,18,44,48
2009/10/31,000000,11,25,27,29,30,44,23
2009/11/03,000000,03,19,33,42,43,45,44
2009/11/05,000000,03,09,13,31,40,42,30
2009/11/08,000000,02,17,27,32,35,38,41
2009/11/10,000000,02,08,18,22,24,35,17
2009/11/12,000000,01,06,09,10,20,46,14
2009/11/14,000000,03,06,15,26,28,42,21
2009/11/17,000000,02,04,09,28,42,43,45
2009/11/19,000000,11,13,19,35,41,45,24
2009/11/21,000000,02,08,23,28,38,45,21
2009/11/24,000000,07,21,24,33,35,45,26
2009/11/26,000000,01,03,09,17,18,42,07
2009/11/28,000000,01,05,25,32,38,39,04
2009/12/01,000000,04,05,10,17,39,44,24
2009/12/03,000000,10,15,20,21,34,46,04
2009/12/05,000000,01,14,17,23,35,38,31
2009/12/08,000000,06,12,23,29,31,35,21
2009/12/10,000000,04,08,15,16,34,49,45
2009/12/12,000000,08,09,37,40,46,49,41
2009/12/15,000000,10,27,28,40,46,47,18
2009/12/17,000000,02,04,30,37,43,49,10
2009/12/20,000000,02,04,24,28,32,45,38
2009/12/22,000000,06,23,30,33,43,44,10
2009/12/24,000000,20,22,26,27,31,44,49
2009/12/26,000000,06,17,21,27,36,42,23
2009/12/29,000000,09,27,33,38,39,40,14
2009/12/31,000000,26,28,31,33,40,41,19
2010/01/02,000000,11,13,16,18,21,22,06
2010/01/05,000000,05,14,16,22,26,28,27
2010/01/07,000000,05,14,16,25,45,48,42
2010/01/09,000000,04,08,16,39,40,45,10
2010/01/12,000000,09,23,25,29,30,48,01
2010/01/14,000000,21,26,27,35,38,48,41
2010/01/17,000000,05,18,19,28,35,45,27
2010/01/19,000000,02,03,09,24,33,41,40
2010/01/21,000000,06,07,17,24,41,48,16
2010/01/23,000000,18,19,26,34,39,46,02
2010/01/26,000000,08,09,17,31,37,38,02
2010/01/28,000000,03,09,15,32,43,46,28
2010/01/30,000000,02,04,06,30,32,34,40
2010/02/02,000000,01,10,13,14,38,39,41
2010/02/04,000000,09,20,25,36,42,47,13
2010/02/06,000000,01,05,13,16,24,41,14
2010/02/09,000000,04,08,10,13,14,49,07
2010/02/11,000000,21,24,27,32,35,36,16
2010/02/13,000000,05,21,26,27,28,29,44
2010/02/15,000000,01,07,17,20,29,49,19
2010/02/18,000000,04,05,07,11,28,32,03
2010/02/20,000000,03,04,11,15,32,45,01
2010/02/23,000000,08,19,43,44,48,49,46
2010/02/25,000000,11,20,31,37,44,47,46
2010/02/27,000000,16,17,18,22,25,36,47
2010/03/02,000000,01,06,10,21,28,35,46
2010/03/04,000000,10,11,24,33,34,38,16
2010/03/07,000000,03,12,26,28,31,46,16
2010/03/09,000000,09,13,14,17,28,45,20
2010/03/11,000000,10,14,35,40,43,48,21
2010/03/13,000000,01,04,14,18,22,39,48
2010/03/16,000000,04,16,28,37,38,47,30
2010/03/18,000000,04,19,30,37,39,41,31
2010/03/20,000000,08,12,29,33,39,45,36
2010/03/23,000000,07,11,22,27,32,46,17
2010/03/25,000000,14,16,29,44,45,47,42
2010/03/27,000000,01,03,08,22,36,44,29
2010/03/30,000000,02,22,29,31,40,48,20
2010/04/01,000000,20,21,23,31,42,43,41
2010/04/03,000000,11,23,35,37,40,43,30
2010/04/06,000000,11,20,25,35,42,45,08
2010/04/08,000000,03,05,25,30,33,37,35
2010/04/11,000000,02,07,20,36,38,41,40
2010/04/13,000000,31,32,33,37,42,46,17
2010/04/15,000000,19,21,30,35,36,37,33
2010/04/17,000000,01,02,24,38,42,49,19
2010/04/20,000000,06,17,25,27,35,40,32
2010/04/22,000000,01,16,23,29,39,46,17
2010/04/24,000000,05,12,16,23,29,39,11
2010/04/27,000000,03,13,18,21,22,33,08
2010/04/29,000000,05,07,24,26,41,49,03
2010/05/02,000000,07,16,26,28,41,44,24
2010/05/04,000000,19,24,34,40,41,46,15
2010/05/06,000000,02,31,37,38,39,40,44
2010/05/09,000000,01,05,08,21,27,34,20
2010/05/11,000000,15,26,29,34,35,40,09
2010/05/13,000000,16,22,31,37,39,49,32
2010/05/15,000000,01,29,32,39,44,47,17
2010/05/18,000000,04,07,12,20,39,48,14
2010/05/20,000000,04,10,11,15,22,37,49
2010/05/22,000000,12,17,18,26,29,33,41
2010/05/25,000000,14,18,30,40,43,46,27
2010/05/27,000000,09,22,28,32,33,49,18
2010/05/29,000000,04,16,25,26,33,42,30
2010/06/01,000000,07,11,13,24,28,46,26
2010/06/03,000000,05,16,19,26,42,44,06
2010/06/05,000000,09,15,30,37,38,40,01
2010/06/08,000000,07,08,12,21,23,47,10
2010/06/10,000000,08,26,32,35,36,49,24
2010/06/13,000000,02,11,19,20,21,40,43
2010/06/15,000000,05,10,18,21,35,49,11
2010/06/17,000000,05,11,15,42,45,48,14
2010/06/19,000000,02,08,12,13,27,35,37
2010/06/22,000000,02,04,09,20,35,40,44
2010/06/24,000000,05,23,26,31,34,49,24
2010/06/26,000000,07,13,15,20,21,41,02
2010/06/29,000000,08,11,21,38,41,48,49
2010/07/03,000000,02,13,14,21,45,49,19
2010/07/06,000000,14,17,21,29,42,46,49
2010/07/08,000000,04,16,40,43,46,47,27
2010/07/10,000000,02,22,25,27,35,42,13
2010/07/13,000000,02,03,05,25,43,48,24
2010/07/15,000000,02,10,16,18,41,44,31
2010/07/17,000000,07,12,30,34,40,48,33
2010/07/20,000000,05,13,26,29,40,47,42
2010/07/24,000000,06,15,22,25,33,42,24
2010/07/27,000000,04,17,23,28,43,46,22
2010/07/29,000000,12,13,38,41,44,49,22
2010/07/31,000000,12,28,29,33,35,37,22
2010/08/03,000000,09,17,26,31,35,36,42
2010/08/05,000000,08,30,42,46,48,49,07
2010/08/07,000000,03,18,34,41,45,46,37
2010/08/10,000000,05,08,12,20,30,39,23
2010/08/12,000000,06,17,29,33,42,48,34
2010/08/14,000000,06,12,17,34,38,46,43
2010/08/17,000000,02,05,08,22,25,35,16
2010/08/19,000000,08,12,30,43,46,48,35
2010/08/21,000000,18,21,34,37,40,49,28
2010/08/24,000000,06,09,11,16,25,37,45
2010/08/26,000000,01,07,09,10,36,44,37
2010/08/28,000000,01,03,06,07,36,49,42
2010/08/30,000000,06,16,39,40,46,49,41
2010/09/02,000000,03,07,11,20,23,48,38
2010/09/04,000000,17,19,25,34,43,45,47
2010/09/07,000000,02,03,16,42,43,45,27
2010/09/09,000000,02,04,19,34,37,41,05
2010/09/11,000000,10,20,24,35,36,39,12
2010/09/14,000000,03,04,07,22,30,39,06
2010/09/16,000000,05,08,31,46,47,49,34
2010/09/19,000000,12,17,19,26,33,40,25
2010/09/21,000000,10,13,23,35,36,48,47
2010/09/25,000000,16,23,30,37,39,43,05
2010/09/28,000000,07,30,31,42,45,49,46
2010/09/30,000000,09,18,21,22,26,29,27
2010/10/02,000000,07,16,17,21,27,36,06
2010/10/05,000000,05,06,08,16,29,31,12
2010/10/07,000000,14,15,21,22,32,40,02
2010/10/09,000000,22,37,41,42,44,45,27
2010/10/12,000000,09,13,21,24,38,46,27
2010/10/14,000000,04,07,10,26,42,47,13
2010/10/16,000000,01,29,30,44,45,49,41
2010/10/19,000000,02,20,29,38,39,43,37
2010/10/21,000000,04,09,23,35,46,49,18
2010/10/23,000000,01,28,33,41,42,45,08
2010/10/26,000000,03,08,14,20,33,41,32
2010/10/28,000000,08,09,17,31,36,47,46
2010/10/30,000000,07,08,12,24,30,49,27
2010/11/02,000000,05,17,24,25,36,45,15
2010/11/04,000000,05,09,25,27,33,44,17
2010/11/09,000000,04,15,41,43,45,49,18
2010/11/11,000000,05,06,15,28,29,43,48
2010/11/13,000000,07,18,21,28,47,48,35
2010/11/16,000000,03,12,20,39,46,49,19
2010/11/18,000000,06,20,30,33,39,47,23
2010/11/20,000000,03,06,09,29,30,33,14
2010/11/23,000000,01,10,11,24,30,49,35
2010/11/25,000000,17,22,28,31,39,45,08
2010/11/27,000000,13,17,25,26,43,44,42
2010/11/30,000000,03,14,16,19,45,48,09
2010/12/02,000000,06,11,17,31,40,41,34
2010/12/05,000000,09,10,20,42,46,47,27
2010/12/07,000000,12,13,18,20,28,48,14
2010/12/09,000000,04,10,20,25,33,36,37
2010/12/11,000000,15,18,22,24,27,30,10
2010/12/14,000000,03,07,28,29,38,48,40
2010/12/16,000000,12,13,18,19,27,29,10
2010/12/18,000000,15,19,34,39,44,45,23
2010/12/20,000000,04,05,12,16,18,41,07
2010/12/22,000000,03,04,15,24,35,41,36
2010/12/25,000000,01,02,04,13,43,48,11
2010/12/28,000000,08,23,28,31,36,37,12
2010/12/30,000000,04,13,18,20,36,39,12
2011/01/02,000000,01,13,20,24,37,39,03
2011/01/04,000000,04,09,16,20,38,39,40
2011/01/06,000000,04,07,14,15,19,26,43
2011/01/08,000000,10,12,18,21,27,33,04
2011/01/11,000000,01,02,29,37,42,48,38
2011/01/13,000000,17,19,25,36,40,44,10
2011/01/15,000000,13,18,29,31,32,46,02
2011/01/18,000000,09,15,21,31,33,41,37
2011/01/20,000000,05,21,28,30,37,42,48
2011/01/22,000000,01,15,30,39,45,49,37
2011/01/25,000000,09,14,16,17,21,26,20
2011/01/27,000000,01,06,14,25,29,35,48
2011/01/29,000000,05,08,09,10,29,49,46
2011/02/01,000000,01,08,22,32,46,48,09
2011/02/03,000000,06,08,10,28,36,37,21
2011/02/06,000000,01,02,16,27,31,47,19
2011/02/08,000000,11,21,27,28,32,34,17
2011/02/10,000000,02,03,09,18,20,36,12
2011/02/13,000000,10,13,20,24,37,47,16
2011/02/15,000000,16,17,18,27,38,41,30
2011/02/17,000000,09,24,25,30,35,37,45
2011/02/19,000000,13,16,18,23,34,42,40
2011/02/22,000000,03,08,21,22,28,48,05
2011/02/24,000000,07,26,27,29,30,41,44
2011/02/26,000000,01,24,28,33,37,47,49
2011/03/01,000000,04,25,30,41,43,45,29
2011/03/03,000000,08,09,13,17,33,49,30
2011/03/05,000000,02,07,16,25,29,34,10
2011/03/08,000000,04,15,23,33,37,47,22
2011/03/10,000000,02,06,21,45,46,49,28
2011/03/13,000000,06,14,26,27,30,43,21
2011/03/15,000000,04,11,15,16,35,42,09
2011/03/17,000000,04,05,23,31,39,48,20
2011/03/19,000000,08,12,24,31,33,41,20
2011/03/22,000000,18,24,26,34,38,45,15
2011/03/24,000000,10,16,17,38,42,43,13
2011/03/26,000000,02,12,20,25,31,47,29
2011/03/29,000000,01,02,09,20,24,49,43
2011/03/31,000000,06,23,24,38,39,40,32
2011/04/02,000000,03,12,15,31,36,49,11
2011/04/05,000000,08,10,26,29,41,44,09
2011/04/07,000000,01,05,21,26,31,43,22
2011/04/10,000000,06,10,24,34,37,47,12
2011/04/12,000000,02,04,09,12,21,31,10
2011/04/14,000000,12,14,23,32,37,39,28
2011/04/16,000000,01,16,17,26,31,36,45
2011/04/19,000000,01,08,18,20,22,46,28
2011/04/21,000000,01,06,09,10,22,26,35
2011/04/23,000000,02,04,26,30,31,43,38
2011/04/26,000000,11,15,25,29,30,49,47
2011/04/28,000000,01,06,15,30,33,49,03
2011/04/30,000000,09,10,23,29,30,34,36
2011/05/03,000000,02,03,13,23,34,38,05
2011/05/05,000000,05,06,15,20,32,48,22
2011/05/08,000000,10,14,26,29,39,41,06
2011/05/12,000000,04,09,25,28,39,45,30
2011/05/14,000000,04,10,15,22,33,35,48
2011/05/17,000000,12,14,27,35,46,49,31
2011/05/20,000000,13,15,18,30,32,48,08
2011/05/22,000000,15,17,22,36,45,47,35
2011/05/24,000000,11,20,31,33,39,48,04
2011/05/26,000000,05,06,22,37,44,48,23
2011/05/28,000000,07,13,34,38,43,44,10
2011/05/31,000000,01,04,10,24,30,39,08
2011/06/02,000000,02,07,18,23,39,47,17
2011/06/04,000000,07,08,33,36,46,49,18
2011/06/07,000000,22,24,33,36,42,49,38
2011/06/09,000000,03,05,06,15,39,42,35
2011/06/12,000000,01,04,13,17,35,44,22
2011/06/14,000000,12,13,19,22,39,48,46
2011/06/16,000000,04,12,26,44,47,48,02
2011/06/18,000000,14,16,38,44,48,49,39
2011/06/21,000000,09,10,16,21,32,47,38
2011/06/23,000000,02,15,27,32,43,49,42
2011/06/25,000000,04,23,24,30,34,45,19
2011/06/28,000000,04,15,17,43,45,47,38
2011/06/30,000000,10,20,40,46,48,49,13
2011/07/02,000000,05,13,31,33,34,35,27
2011/07/05,000000,09,16,22,28,30,32,37
2011/07/07,000000,10,14,29,35,40,46,30
2011/07/09,000000,01,10,11,13,42,48,15
2011/07/12,000000,16,18,28,33,41,45,29
2011/07/14,000000,11,13,33,37,45,48,36
2011/07/16,000000,11,17,20,31,48,49,35
2011/07/19,000000,03,10,31,40,41,43,20
2011/07/21,000000,06,18,26,28,30,49,22
2011/07/24,000000,07,08,27,29,37,48,21
2011/07/26,000000,15,25,26,34,35,41,10
2011/07/28,000000,11,21,30,36,42,47,34
2011/07/30,000000,06,29,44,45,46,47,30
2011/08/02,000000,11,14,21,24,25,47,36
2011/08/04,000000,02,11,25,32,34,39,31
2011/08/06,000000,09,30,31,34,42,45,24
2011/08/09,000000,05,06,11,25,45,48,34
2011/08/11,000000,04,06,07,25,35,37,48
2011/08/13,000000,11,18,23,31,37,49,10
2011/08/16,000000,05,08,09,10,22,38,07
2011/08/18,000000,05,14,17,43,45,49,12
2011/08/20,000000,13,15,17,23,26,47,01
2011/08/23,000000,11,24,25,36,41,45,40
2011/08/25,000000,06,10,17,20,25,28,02
2011/08/27,000000,09,10,19,27,29,45,30
2011/08/30,000000,09,15,24,46,48,49,06
2011/09/02,000000,02,29,33,34,44,49,42
2011/09/04,000000,04,18,21,22,39,46,29
2011/09/06,000000,01,04,07,21,23,44,17
2011/09/08,000000,14,18,22,30,39,44,32
2011/09/10,000000,15,19,36,44,45,49,16
2011/09/13,000000,11,13,16,19,28,46,22
2011/09/15,000000,05,07,13,29,41,49,25
2011/09/17,000000,06,12,14,25,35,43,42
2011/09/20,000000,10,27,33,40,47,48,13
2011/09/22,000000,08,10,19,27,39,44,06
2011/09/24,000000,06,16,18,28,34,40,38
2011/09/27,000000,04,22,23,37,40,49,13
2011/10/02,000000,09,14,22,37,41,45,05
2011/10/04,000000,01,04,09,15,37,39,47
2011/10/08,000000,04,08,24,26,37,41,33
2011/10/11,000000,02,06,22,25,33,39,46
2011/10/13,000000,02,08,28,30,33,40,23
2011/10/15,000000,11,24,28,37,41,43,13
2011/10/18,000000,04,09,23,37,47,48,14
2011/10/20,000000,02,16,23,32,34,35,40
2011/10/22,000000,01,11,18,20,26,30,47
2011/10/25,000000,17,22,26,27,29,35,44
2011/10/27,000000,01,09,22,43,46,48,49
2011/10/29,000000,05,12,15,17,18,39,47
2011/11/01,000000,08,15,19,21,24,44,10
2011/11/03,000000,01,03,21,34,41,44,43
2011/11/06,000000,01,03,07,11,16,34,49
2011/11/08,000000,02,23,30,34,40,42,48
2011/11/10,000000,04,07,09,20,37,49,33
2011/11/12,000000,10,17,29,33,42,48,35
2011/11/15,000000,07,11,14,25,26,30,29
2011/11/17,000000,03,06,23,24,42,44,35
2011/11/19,000000,10,12,13,14,22,47,21
2011/11/22,000000,07,21,24,31,43,47,05
2011/11/24,000000,03,05,19,35,38,41,32
2011/11/26,000000,04,22,33,39,42,47,14
2011/11/29,000000,03,06,13,37,40,42,29
2011/12/01,000000,01,03,08,22,28,33,05
2011/12/03,000000,02,03,09,18,23,37,31
2011/12/06,000000,01,02,05,06,11,43,25
2011/12/08,000000,05,20,22,28,36,48,01
2011/12/10,000000,03,14,21,25,27,42,34
2011/12/13,000000,03,25,32,36,38,40,31
2011/12/15,000000,09,21,29,34,43,47,32
2011/12/18,000000,01,02,23,35,38,46,05
2011/12/20,000000,26,29,31,37,43,49,02
2011/12/22,000000,05,16,18,28,37,49,24
2011/12/24,000000,01,04,17,24,27,43,41
2011/12/26,000000,08,30,31,37,38,48,05
2011/12/29,000000,07,10,21,23,29,39,01
2011/12/31,000000,02,03,27,40,44,49,38
2012/01/03,000000,05,12,31,34,37,45,10
2012/01/05,000000,09,11,33,43,46,48,02
2012/01/07,000000,03,07,10,31,32,35,30
2012/01/10,000000,03,20,26,31,32,35,12
2012/01/12,000000,15,27,32,36,44,48,47
2012/01/14,000000,10,13,20,24,29,36,14
2012/01/17,000000,16,23,24,35,36,44,01
2012/01/19,000000,01,02,14,18,25,39,31
2012/01/22,000000,10,14,18,20,34,47,41
2012/01/26,000000,03,10,11,17,29,34,15
2012/01/31,000000,22,27,28,29,42,46,49
2012/02/02,000000,14,20,21,38,45,46,47
2012/02/04,000000,06,12,16,20,27,38,07
2012/02/07,000000,11,16,30,34,41,45,47
2012/02/09,000000,03,12,20,33,34,41,43
2012/02/12,000000,07,09,33,34,39,41,48
2012/02/14,000000,10,14,21,37,39,49,25
2012/02/16,000000,04,12,18,25,42,44,08
2012/02/18,000000,05,12,16,17,41,46,15
2012/02/21,000000,01,11,12,15,35,49,17
2012/02/23,000000,01,05,15,22,43,47,37
2012/02/25,000000,12,14,24,26,27,49,22
2012/02/28,000000,08,09,24,28,37,49,47
2012/03/01,000000,25,30,31,34,40,47,13
2012/03/03,000000,01,03,04,08,21,28,05
2012/03/06,000000,03,07,28,31,33,36,32
2012/03/08,000000,03,05,09,17,35,36,43
2012/03/11,000000,10,23,33,39,42,48,34
2012/03/13,000000,07,08,26,43,47,48,12
2012/03/15,000000,04,28,31,34,48,49,06
2012/03/17,000000,04,06,13,18,23,45,15
2012/03/20,000000,11,13,18,29,44,46,37
2012/03/22,000000,02,35,38,47,48,49,41
2012/03/24,000000,03,23,32,35,43,49,34
2012/03/27,000000,02,07,17,25,30,43,38
2012/03/29,000000,10,16,21,28,29,31,08
2012/03/31,000000,11,19,30,33,37,44,18
2012/04/03,000000,20,21,28,44,46,47,42
2012/04/05,000000,13,15,17,18,41,45,14
2012/04/07,000000,03,14,22,24,34,49,44
2012/04/10,000000,04,11,16,26,42,47,06
2012/04/12,000000,02,11,16,17,25,28,41
2012/04/14,000000,03,15,19,20,32,40,25
2012/04/17,000000,06,07,17,19,35,46,04
2012/04/19,000000,05,12,13,20,37,41,23
2012/04/22,000000,01,03,11,21,41,42,02
2012/04/24,000000,01,17,28,29,31,34,45
2012/04/26,000000,07,10,11,17,22,30,14
2012/04/28,000000,11,17,19,20,29,32,38
2012/05/01,000000,05,17,19,26,32,33,22
2012/05/03,000000,02,20,28,46,47,49,03
2012/05/05,000000,04,11,17,29,39,49,08
2012/05/08,000000,04,09,10,17,33,34,35
2012/05/10,000000,13,17,23,32,34,46,41
2012/05/13,000000,16,21,30,34,39,45,04
2012/05/15,000000,05,14,16,22,23,33,32
2012/05/17,000000,01,10,15,21,27,37,40
2012/05/20,000000,03,17,23,26,41,47,33
2012/05/22,000000,01,08,22,26,32,37,41
2012/05/24,000000,02,05,08,29,40,47,34
2012/05/26,000000,09,10,20,22,38,49,07
2012/05/29,000000,08,18,20,22,31,37,46
2012/05/31,000000,04,09,24,31,39,47,38
2012/06/02,000000,09,14,19,20,43,47,37
2012/06/05,000000,10,21,26,34,35,43,37
2012/06/07,000000,04,17,20,29,39,48,09
2012/06/10,000000,08,15,18,37,39,44,06
2012/06/12,000000,07,14,16,25,30,36,32
2012/06/16,000000,02,04,06,07,13,29,09
2012/06/19,000000,10,13,26,40,42,48,24
2012/06/21,000000,02,05,08,13,17,35,28
2012/06/23,000000,09,14,17,34,40,48,39
2012/06/26,000000,06,19,26,28,37,49,47
2012/06/28,000000,03,06,14,19,27,36,24
2012/06/30,000000,10,13,28,32,37,41,01
2012/07/03,000000,06,10,12,14,31,38,20
2012/07/05,000000,02,03,11,24,26,27,44
2012/07/07,000000,01,04,05,22,44,46,37
2012/07/10,000000,04,07,13,28,36,49,03
2012/07/12,000000,02,13,33,39,40,44,43
2012/07/14,000000,02,06,16,24,41,46,27
2012/07/17,000000,08,11,17,24,30,49,03
2012/07/19,000000,09,20,30,34,35,46,29
2012/07/21,000000,07,19,23,30,34,45,13
2012/07/24,000000,10,11,15,22,23,45,31
2012/07/26,000000,09,11,13,22,24,44,32
2012/07/28,000000,18,25,38,40,44,45,05
2012/07/31,000000,02,10,16,23,35,47,01
2012/08/02,000000,09,11,12,22,28,49,07
2012/08/04,000000,08,15,20,41,42,49,12
2012/08/07,000000,02,09,13,40,44,46,10
2012/08/09,000000,10,13,20,22,42,46,48
2012/08/11,000000,05,11,12,31,41,42,16
2012/08/14,000000,02,13,16,34,37,47,28
2012/08/16,000000,05,06,13,19,23,34,08
2012/08/18,000000,07,10,22,32,34,48,45
2012/08/21,000000,01,07,12,17,36,38,48
2012/08/23,000000,13,15,25,28,45,47,05
2012/08/25,000000,03,07,21,22,38,47,27
2012/08/28,000000,07,17,24,29,47,49,45
2012/08/30,000000,07,11,15,21,26,34,38
2012/09/01,000000,09,12,15,19,21,47,38
2012/09/04,000000,20,24,34,36,43,45,03
2012/09/06,000000,06,13,33,38,41,43,29
2012/09/09,000000,04,07,12,15,27,34,37
2012/09/11,000000,04,11,25,27,39,41,43
2012/09/13,000000,16,20,22,31,42,48,43
2012/09/15,000000,06,07,18,21,27,48,42
2012/09/18,000000,15,26,27,38,42,43,39
2012/09/22,000000,02,13,33,35,38,49,40
2012/09/25,000000,01,04,17,20,28,32,47
2012/09/27,000000,01,03,10,15,17,40,28
2012/09/29,000000,02,08,16,17,20,26,32
2012/10/02,000000,12,24,25,33,37,44,13
2012/10/07,000000,01,10,12,13,29,47,09
2012/10/09,000000,15,17,21,22,27,36,16
2012/10/11,000000,01,03,11,18,40,46,35
2012/10/13,000000,05,06,11,26,33,41,04
2012/10/16,000000,09,17,27,35,39,44,40
2012/10/18,000000,04,06,10,14,16,29,26
2012/10/20,000000,04,19,31,34,37,44,06
2012/10/23,000000,11,28,29,41,45,47,21
2012/10/25,000000,08,17,23,40,41,43,28
2012/10/27,000000,26,28,30,34,36,39,01
2012/10/30,000000,01,20,28,30,34,40,19
2012/11/01,000000,15,18,24,28,34,42,02
2012/11/03,000000,01,12,33,36,46,48,41
2012/11/06,000000,01,06,08,28,37,39,42
2012/11/08,000000,15,26,31,37,44,47,43
2012/11/11,000000,09,26,28,35,45,47,25
2012/11/13,000000,03,05,25,26,29,30,31
2012/11/15,000000,18,20,36,41,46,48,21
2012/11/17,000000,07,12,24,39,43,48,30
2012/11/20,000000,02,11,20,37,45,47,13
2012/11/22,000000,09,22,26,30,44,49,31
2012/11/24,000000,02,03,04,15,23,40,13
2012/11/27,000000,08,20,21,24,34,47,10
2012/11/29,000000,13,17,26,28,32,34,06
2012/12/01,000000,10,16,17,27,36,38,47
2012/12/04,000000,07,10,11,18,37,47,04
2012/12/06,000000,01,06,38,41,43,45,48
2012/12/08,000000,15,22,30,33,34,47,38
2012/12/11,000000,02,15,28,41,42,49,24
2012/12/13,000000,06,09,29,31,42,47,14
2012/12/15,000000,18,21,28,33,41,47,48
2012/12/18,000000,08,14,21,41,45,48,34
2012/12/20,000000,04,12,25,34,36,40,49
2012/12/23,000000,09,27,28,32,34,43,02
2012/12/25,000000,12,18,23,24,46,49,14
2012/12/27,000000,04,07,29,39,44,47,23
2012/12/29,000000,01,06,09,11,33,39,40
2012/12/31,000000,05,06,25,30,32,48,45
2013/01/03,000000,17,25,32,33,46,48,39
2013/01/08,000000,14,19,20,21,29,49,07
2013/01/10,000000,02,09,24,34,41,45,48
2013/01/13,000000,03,06,19,21,31,49,07
2013/01/15,000000,03,04,07,24,27,31,13
2013/01/17,000000,02,08,14,25,43,44,11
2013/01/19,000000,03,12,19,21,31,48,26
2013/01/22,000000,02,04,20,22,30,37,01
2013/01/24,000000,01,02,03,09,20,49,24
2013/01/26,000000,02,29,41,42,45,48,05
2013/01/29,000000,08,20,26,36,44,47,28
2013/01/31,000000,16,22,27,35,38,46,32
2013/02/03,000000,02,17,23,39,47,48,22
2013/02/05,000000,05,19,31,32,34,45,13
2013/02/07,000000,03,08,12,18,22,33,37
2013/02/09,000000,04,08,10,35,46,47,32
2013/02/14,000000,11,16,24,27,36,48,47
2013/02/16,000000,03,12,30,35,37,38,18
2013/02/19,000000,05,18,19,32,40,44,34
2013/02/21,000000,11,14,21,22,32,49,07
2013/02/23,000000,12,19,23,30,35,36,15
2013/02/26,000000,01,04,15,16,18,36,21
2013/02/28,000000,10,11,23,26,28,30,17
2013/03/03,000000,07,08,26,31,35,39,37
2013/03/05,000000,04,06,08,35,36,43,05
2013/03/07,000000,08,09,24,35,39,41,02
2013/03/09,000000,09,18,24,34,40,43,28
2013/03/12,000000,13,15,17,30,38,45,04
2013/03/14,000000,03,04,15,16,17,46,12
2013/03/16,000000,06,09,31,41,45,47,18
2013/03/19,000000,03,12,15,28,29,34,08
2013/03/21,000000,01,04,13,22,39,42,34
2013/03/23,000000,06,09,17,25,33,42,27
2013/03/26,000000,10,15,26,35,40,44,11
2013/03/28,000000,12,17,31,38,44,45,43
2013/03/30,000000,04,06,19,25,34,43,17
2013/04/02,000000,02,04,09,31,33,46,05
2013/04/04,000000,02,07,11,15,17,27,04
2013/04/06,000000,10,12,16,29,41,48,25
2013/04/09,000000,02,03,25,28,35,43,39
2013/04/11,000000,11,18,20,24,29,49,02
2013/04/13,000000,08,16,29,40,46,47,18
2013/04/16,000000,11,15,21,27,38,43,48
2013/04/18,000000,04,05,14,17,22,39,09
2013/04/21,000000,09,10,15,33,40,49,48
2013/04/23,000000,07,20,23,29,35,41,06
2013/04/25,000000,14,15,17,22,38,48,19
2013/04/27,000000,04,07,16,23,26,28,09
2013/04/30,000000,04,18,24,30,31,49,36
2013/05/02,000000,01,05,28,31,44,46,14
2013/05/04,000000,01,10,29,40,44,49,33
2013/05/07,000000,05,09,14,24,29,37,36
2013/05/09,000000,12,14,15,16,22,34,13
2013/05/12,000000,01,06,11,16,20,25,22
2013/05/14,000000,02,11,16,19,44,47,27
2013/05/16,000000,07,18,27,32,42,48,17
2013/05/19,000000,04,14,24,30,43,48,34
2013/05/21,000000,11,12,16,18,23,31,36
2013/05/23,000000,12,24,27,45,47,49,06
2013/05/25,000000,03,08,10,25,26,40,38
2013/05/28,000000,01,04,05,06,09,25,27
2013/05/30,000000,15,17,22,27,36,46,23
2013/06/01,000000,01,23,27,36,45,49,07
2013/06/04,000000,09,17,26,36,40,48,02
2013/06/06,000000,10,16,20,28,32,48,30
2013/06/09,000000,15,18,22,24,42,44,28
2013/06/11,000000,01,14,21,35,39,40,05
2013/06/13,000000,03,11,26,32,35,43,01
2013/06/15,000000,09,14,27,29,42,45,44
2013/06/18,000000,09,22,23,31,45,47,39
2013/06/20,000000,11,14,16,29,31,46,30
2013/06/22,000000,23,25,34,40,42,46,39
2013/06/25,000000,17,20,29,35,38,40,22
2013/06/27,000000,16,34,37,42,47,48,17
2013/06/29,000000,01,03,04,26,34,37,14
2013/07/02,000000,07,19,28,33,43,45,13
2013/07/06,000000,06,09,27,29,43,47,17
2013/07/09,000000,01,04,15,38,40,46,49
2013/07/11,000000,14,26,28,38,39,45,08
2013/07/13,000000,07,14,18,23,32,46,42
2013/07/16,000000,03,18,19,20,37,47,25
2013/07/18,000000,14,18,28,32,36,46,44
2013/07/21,000000,03,17,20,26,33,47,34
2013/07/23,000000,06,08,17,22,28,32,20
2013/07/25,000000,20,23,27,32,34,49,30
2013/07/27,000000,01,03,07,22,28,36,21
2013/07/30,000000,08,12,31,33,42,44,49
2013/08/01,000000,06,08,10,19,20,22,42
2013/08/03,000000,05,06,12,23,38,39,48
2013/08/06,000000,04,11,15,19,32,44,42
2013/08/08,000000,13,15,23,25,26,29,09
2013/08/10,000000,03,10,20,30,41,44,31
2013/08/13,000000,01,06,31,41,42,49,44
2013/08/15,000000,10,16,22,26,31,42,23
2013/08/17,000000,09,14,30,31,32,49,01
2013/08/20,000000,13,14,15,31,46,48,36
2013/08/22,000000,01,16,25,33,41,49,46
2013/08/24,000000,03,06,10,14,15,20,33
2013/08/27,000000,09,14,29,30,32,36,20
2013/08/29,000000,24,25,28,35,38,47,16
2013/08/31,000000,03,06,17,18,42,43,36
2013/09/03,000000,21,25,26,33,35,39,17
2013/09/05,000000,01,07,22,28,29,49,37
2013/09/07,000000,07,10,17,18,28,30,06
2013/09/10,000000,08,12,19,39,48,49,17
2013/09/12,000000,01,14,26,28,31,48,36
2013/09/14,000000,06,21,29,39,40,47,33
2013/09/16,000000,17,22,31,39,45,47,49
2013/09/19,000000,03,15,18,26,45,49,41
2013/09/21,000000,22,25,35,36,39,47,31
2013/09/24,000000,13,25,26,29,30,39,19
2013/09/26,000000,03,06,07,09,11,28,34
2013/09/28,000000,33,39,40,43,48,49,34
2013/09/30,000000,01,11,29,40,43,44,04
2013/10/03,000000,14,17,26,32,35,41,15
2013/10/05,000000,04,06,09,29,31,36,20
2013/10/08,000000,01,03,06,07,15,27,30
2013/10/10,000000,08,09,11,16,17,38,20
2013/10/13,000000,24,28,35,37,42,48,38
2013/10/15,000000,04,20,27,33,41,46,12
2013/10/17,000000,01,11,24,35,44,45,49
2013/10/19,000000,01,10,31,41,44,47,18
2013/10/22,000000,05,09,34,36,41,49,26
2013/10/24,000000,09,10,22,24,43,44,30
2013/10/26,000000,06,15,30,38,47,48,40
2013/10/29,000000,01,20,22,25,34,47,17
2013/10/31,000000,02,09,29,43,46,47,21
2013/11/02,000000,08,18,19,29,31,34,36
2013/11/05,000000,04,22,25,37,38,42,20
2013/11/07,000000,04,09,14,26,30,42,21
2013/11/10,000000,13,31,32,35,39,42,16
2013/11/12,000000,18,19,21,28,47,49,46
2013/11/14,000000,03,08,10,25,29,34,32
2013/11/16,000000,01,08,17,32,39,43,48
2013/11/19,000000,12,27,35,44,47,49,36
2013/11/21,000000,03,06,08,23,25,49,04
2013/11/23,000000,03,18,20,21,30,41,13
2013/11/26,000000,09,10,12,31,34,44,18
2013/11/28,000000,03,06,21,33,34,43,09
2013/11/30,000000,02,15,19,34,42,45,14
2013/12/03,000000,01,17,24,29,39,40,21
2013/12/05,000000,01,16,17,19,26,46,29
2013/12/07,000000,05,18,24,26,41,44,20
2013/12/10,000000,01,08,17,30,36,46,16
2013/12/12,000000,10,19,24,28,31,34,27
2013/12/14,000000,06,14,15,38,46,49,29
2013/12/17,000000,01,08,15,19,20,33,47
2013/12/19,000000,04,14,31,39,43,47,27
2013/12/22,000000,12,13,18,41,43,49,39
2013/12/25,000000,04,21,25,45,47,49,06
2013/12/28,000000,04,09,20,32,42,43,05
2013/12/31,000000,07,09,12,40,42,44,14
2014/01/02,000000,01,36,38,43,46,49,21
2014/01/04,000000,06,16,31,32,44,49,43
2014/01/07,000000,09,16,30,31,38,41,46
2014/01/09,000000,04,15,16,28,39,45,25
2014/01/12,000000,03,16,36,39,42,44,17
2014/01/14,000000,09,11,27,31,33,34,21
2014/01/16,000000,09,15,16,17,18,37,33
2014/01/18,000000,03,17,18,26,28,44,38
2014/01/21,000000,08,20,23,34,37,49,44
2014/01/23,000000,04,05,18,21,27,31,07
2014/01/25,000000,05,20,37,38,43,48,06
2014/01/28,000000,04,20,27,30,31,37,18
2014/01/30,000000,02,03,04,16,26,36,45
2014/02/04,000000,11,13,15,39,48,49,37
2014/02/06,000000,26,27,32,33,37,45,39
2014/02/09,000000,20,21,35,37,47,48,14
2014/02/11,000000,07,10,24,25,27,29,19
2014/02/13,000000,19,23,25,40,46,49,30
2014/02/15,000000,02,14,30,32,36,45,11
2014/02/18,000000,15,21,23,25,34,45,35
2014/02/20,000000,03,05,24,26,31,40,45
2014/02/22,000000,02,23,24,29,33,35,14
2014/02/25,000000,08,26,39,40,41,43,05
2014/02/27,000000,05,09,15,24,28,35,44
2014/03/02,000000,11,16,19,21,38,46,34
2014/03/04,000000,03,13,16,19,27,33,22
2014/03/06,000000,06,10,20,27,39,46,38
2014/03/08,000000,02,03,16,17,24,32,40
2014/03/11,000000,04,06,15,28,30,33,27
2014/03/13,000000,07,10,17,19,20,22,30
2014/03/15,000000,02,15,21,24,29,46,27
2014/03/18,000000,02,17,23,35,42,48,27
2014/03/20,000000,01,09,18,25,37,48,14
2014/03/22,000000,11,20,21,26,34,49,04
2014/03/25,000000,22,28,35,36,44,45,06
2014/03/27,000000,07,23,35,42,45,49,36
2014/03/29,000000,02,10,12,18,24,33,11
2014/04/01,000000,22,33,36,43,48,49,25
2014/04/03,000000,04,09,25,26,27,28,03
2014/04/05,000000,10,19,38,39,44,45,31
2014/04/08,000000,11,24,31,45,46,47,06
2014/04/10,000000,04,18,21,31,42,49,25
2014/04/12,000000,06,18,20,28,43,45,13
2014/04/15,000000,06,14,16,28,41,45,27
2014/04/17,000000,12,14,17,23,24,45,42
2014/04/19,000000,20,21,32,35,46,47,03
2014/04/22,000000,01,03,12,29,36,41,14
2014/04/24,000000,01,17,28,32,39,40,16
2014/04/26,000000,09,12,22,27,36,47,46
2014/04/29,000000,02,08,15,26,37,45,14
2014/05/01,000000,01,14,28,29,37,43,30
2014/05/03,000000,02,06,13,16,30,36,25
2014/05/06,000000,10,23,33,36,39,44,30
2014/05/08,000000,02,10,12,30,37,39,48
2014/05/11,000000,11,16,26,38,45,49,05
2014/05/13,000000,09,20,22,32,35,41,08
2014/05/15,000000,09,12,16,24,34,35,07
2014/05/18,000000,09,12,21,27,37,45,07
2014/05/20,000000,10,16,33,34,44,47,06
2014/05/22,000000,09,17,28,31,35,37,19
2014/05/24,000000,02,04,14,30,39,41,49
2014/05/27,000000,03,10,16,30,34,44,01
2014/05/29,000000,04,14,19,24,26,48,35
2014/05/31,000000,02,10,28,32,37,47,31
2014/06/02,000000,03,13,19,20,36,39,15
2014/06/04,000000,10,11,25,33,40,46,06
2014/06/07,000000,04,08,13,19,44,48,27
2014/06/10,000000,01,30,32,35,37,44,40
2014/06/12,000000,03,18,21,41,44,45,15
2014/06/17,000000,03,04,15,16,23,45,21
2014/06/19,000000,03,17,24,30,31,44,07
2014/06/21,000000,02,17,37,40,45,49,48
2014/06/24,000000,18,24,25,30,31,35,36
2014/06/26,000000,02,20,40,42,47,48,28
2014/06/29,000000,15,23,26,38,46,47,21
2014/07/03,000000,14,17,34,37,43,48,20
2014/07/05,000000,10,14,32,36,37,38,47
2014/07/08,000000,04,16,22,27,38,39,36
2014/07/10,000000,01,02,09,17,22,25,08
2014/07/12,000000,03,11,13,23,40,49,43
2014/07/15,000000,02,05,09,32,41,42,44
2014/07/17,000000,01,20,28,30,42,43,10
2014/07/19,000000,01,09,30,40,41,48,49
2014/07/22,000000,01,03,14,16,24,41,13
2014/07/24,000000,04,05,21,31,36,38,14
2014/07/26,000000,01,04,15,17,36,42,40
2014/07/29,000000,11,13,15,31,37,47,19
2014/07/31,000000,12,22,27,35,44,48,38
2014/08/02,000000,03,22,23,26,42,48,28
2014/08/05,000000,05,07,08,18,24,29,14
2014/08/07,000000,05,14,31,32,36,46,11
2014/08/09,000000,01,09,15,31,33,41,37
2014/08/12,000000,07,09,27,31,36,39,32
2014/08/14,000000,04,08,14,23,48,49,11
2014/08/16,000000,23,26,27,37,42,46,15
2014/08/19,000000,02,05,27,32,42,46,16
2014/08/21,000000,10,14,26,29,30,31,18
2014/08/23,000000,04,12,14,24,32,38,13
2014/08/26,000000,25,29,32,33,37,44,47
2014/08/28,000000,11,17,24,27,31,38,49
2014/08/30,000000,15,18,24,27,39,49,06
2014/09/02,000000,26,28,37,43,45,47,25
2014/09/04,000000,11,14,34,36,43,46,01
2014/09/09,000000,07,25,27,36,39,42,31
2014/09/13,000000,03,12,40,43,48,49,32
2014/09/16,000000,04,15,17,22,34,43,35
2014/09/18,000000,06,16,20,25,27,45,29
2014/09/20,000000,03,16,32,38,40,48,27
2014/09/23,000000,12,13,20,28,41,43,23
2014/09/25,000000,03,19,42,44,48,49,38
2014/09/28,000000,06,10,12,26,28,35,24
2014/09/30,000000,10,16,20,39,45,46,47
2014/10/02,000000,04,10,24,29,33,35,07
2014/10/04,000000,05,14,22,24,27,45,08
2014/10/07,000000,12,13,26,33,42,49,48
2014/10/09,000000,02,12,14,23,40,46,39
2014/10/11,000000,26,29,34,35,37,47,08
2014/10/14,000000,01,05,08,17,20,37,33
2014/10/16,000000,04,09,34,39,48,49,18
2014/10/18,000000,12,19,22,36,40,47,25
2014/10/21,000000,06,09,17,18,29,34,42
2014/10/23,000000,11,14,28,29,37,41,19
2014/10/25,000000,01,13,39,40,41,43,18
2014/10/28,000000,16,26,30,37,43,47,31
2014/10/30,000000,03,19,29,36,47,49,33
2014/11/01,000000,09,10,11,20,26,44,31
2014/11/04,000000,16,23,29,30,37,38,33
2014/11/06,000000,04,10,12,14,29,48,03
2014/11/08,000000,07,08,15,32,34,39,43
2014/11/11,000000,03,05,09,19,48,49,26
2014/11/13,000000,21,36,41,42,46,49,06
2014/11/16,000000,07,15,32,33,34,43,10
2014/11/18,000000,02,06,17,24,37,49,46
2014/11/20,000000,08,16,19,33,35,46,12
2014/11/22,000000,02,12,17,27,32,33,44
2014/11/25,000000,06,35,41,42,44,47,19
2014/11/27,000000,02,20,22,30,40,45,44
2014/11/29,000000,07,26,29,32,33,37,31
2014/12/02,000000,01,04,13,27,47,49,33
2014/12/04,000000,01,08,20,27,33,36,35
2014/12/06,000000,17,18,21,25,40,48,16
2014/12/09,000000,03,04,13,29,31,41,46
2014/12/11,000000,01,07,13,32,35,39,31
2014/12/13,000000,12,14,17,20,40,48,19
2014/12/16,000000,01,07,14,31,34,42,16
2014/12/18,000000,06,08,10,21,25,29,33
2014/12/21,000000,02,25,30,36,37,43,22
2014/12/23,000000,01,04,12,14,35,47,33
2014/12/25,000000,12,19,24,43,46,47,30
2014/12/27,000000,14,15,28,31,32,48,40
2014/12/29,000000,01,25,30,33,39,40,07
2014/12/31,000000,10,19,25,32,33,37,27
2015/01/03,000000,08,15,31,35,42,44,39
2015/01/06,000000,03,14,16,18,38,49,29
2015/01/08,000000,08,18,19,28,37,44,13
2015/01/11,000000,10,21,24,33,40,47,05
2015/01/13,000000,16,21,27,37,40,43,14
2015/01/15,000000,01,02,14,37,43,49,24
2015/01/17,000000,14,15,16,25,27,30,11
2015/01/20,000000,05,07,09,13,15,29,47
2015/01/22,000000,08,16,21,30,42,46,32
2015/01/24,000000,17,18,20,26,31,32,06
2015/01/27,000000,04,05,10,13,28,35,12
2015/01/29,000000,06,15,25,29,32,46,09
2015/01/31,000000,05,07,14,17,46,47,27
2015/02/03,000000,11,34,36,43,47,49,21
2015/02/05,000000,13,16,17,18,22,45,10
2015/02/08,000000,05,07,17,18,27,48,30
2015/02/10,000000,02,17,23,30,34,41,14
2015/02/12,000000,07,09,10,14,22,31,35
2015/02/14,000000,02,10,12,21,25,35,26
2015/02/17,000000,14,22,28,33,44,46,25
2015/02/22,000000,15,20,28,29,42,46,35
2015/02/24,000000,17,18,28,32,33,48,37
2015/02/26,000000,10,12,20,22,25,33,27
2015/02/28,000000,06,09,23,25,41,43,38
2015/03/03,000000,13,17,25,27,46,49,19
2015/03/05,000000,02,06,10,20,38,40,46
2015/03/07,000000,06,08,12,16,32,49,37
2015/03/10,000000,01,18,22,27,45,48,25
2015/03/12,000000,14,17,23,24,25,37,34
2015/03/14,000000,04,21,25,29,32,37,27
2015/03/17,000000,01,05,11,23,34,47,14
2015/03/19,000000,12,15,17,30,31,43,46
2015/03/22,000000,07,26,30,33,34,38,05
2015/03/24,000000,02,05,13,37,42,44,27
2015/03/26,000000,02,06,09,16,39,49,29
2015/03/28,000000,06,11,16,29,30,37,34
2015/03/31,000000,02,05,10,27,36,46,07
2015/04/02,000000,04,12,20,37,42,47,35
2015/04/04,000000,09,12,26,29,44,45,19
2015/04/06,000000,21,24,26,42,43,46,04
2015/04/09,000000,10,11,31,34,37,38,14
2015/04/11,000000,06,17,18,19,20,42,25
2015/04/14,000000,30,31,35,40,42,48,06
2015/04/16,000000,01,03,05,20,35,39,28
2015/04/18,000000,12,17,29,31,41,47,38
2015/04/21,000000,03,13,20,24,43,48,49
2015/04/23,000000,03,04,07,08,26,36,31
2015/04/25,000000,12,19,21,24,36,49,23
2015/04/28,000000,01,08,28,31,36,45,09
2015/04/30,000000,06,08,30,34,36,42,12
2015/05/02,000000,07,10,12,16,26,49,40
2015/05/05,000000,11,13,41,42,43,49,29
2015/05/07,000000,03,07,14,21,25,29,06
2015/05/10,000000,02,13,15,38,39,44,08
2015/05/12,000000,03,07,15,25,26,47,10
2015/05/14,000000,05,17,22,34,38,48,02
2015/05/17,000000,21,32,36,37,44,46,47
2015/05/19,000000,21,27,28,33,37,48,13
2015/05/21,000000,16,18,19,36,42,47,46
2015/05/23,000000,05,10,13,43,44,45,07
2015/05/26,000000,07,10,15,37,42,45,41
2015/05/28,000000,02,07,20,23,44,47,30
2015/05/30,000000,09,16,28,36,42,45,02
2015/06/02,000000,11,12,15,21,38,42,25
2015/06/04,000000,18,24,28,31,39,49,44
2015/06/06,000000,09,11,14,22,27,49,44
2015/06/09,000000,07,12,16,17,20,25,31
2015/06/11,000000,10,13,35,38,42,44,27
2015/06/13,000000,10,12,24,25,26,33,23
2015/06/16,000000,13,16,24,26,40,44,42
2015/06/18,000000,04,11,12,24,35,46,03
2015/06/20,000000,12,16,31,34,42,48,37
2015/06/23,000000,03,10,26,33,42,46,44
2015/06/25,000000,01,05,26,28,40,49,15
2015/06/28,000000,08,09,18,33,41,43,15
2015/06/30,000000,12,14,21,27,38,43,15
2015/07/02,000000,04,11,23,32,44,48,49
2015/07/04,000000,09,24,32,34,43,47,35
2015/07/07,000000,09,19,28,29,38,40,33
2015/07/11,000000,02,05,17,22,27,28,37
2015/07/14,000000,07,08,10,13,20,38,05
2015/07/16,000000,16,18,22,23,35,38,25
2015/07/18,000000,13,20,23,24,46,47,39
2015/07/21,000000,04,14,15,19,41,42,10
2015/07/23,000000,10,33,40,43,45,49,38
2015/07/26,000000,04,11,15,26,28,30,13
2015/07/28,000000,12,25,32,33,34,35,45
2015/07/30,000000,04,05,11,17,24,48,46
2015/08/01,000000,14,20,28,31,32,47,18
2015/08/04,000000,05,09,13,15,21,23,12
2015/08/06,000000,22,23,35,40,41,42,16
2015/08/08,000000,10,12,19,25,42,46,37
2015/08/11,000000,22,26,27,28,36,47,12
2015/08/13,000000,01,04,08,21,22,24,46
2015/08/15,000000,02,06,13,25,30,33,20
2015/08/18,000000,07,17,34,41,43,49,01
2015/08/20,000000,04,05,18,23,32,44,06
2015/08/22,000000,02,26,31,32,36,37,12
2015/08/25,000000,03,15,16,39,41,42,36
2015/08/27,000000,09,13,29,30,39,45,48
2015/08/29,000000,09,22,28,32,37,39,47
2015/09/01,000000,05,06,08,10,31,36,17
2015/09/03,000000,12,16,34,36,42,45,41
2015/09/05,000000,15,16,20,26,36,40,46
2015/09/08,000000,01,04,13,22,32,41,26
2015/09/10,000000,01,11,13,23,35,36,34
2015/09/12,000000,05,13,21,25,38,40,17
2015/09/15,000000,03,05,17,22,25,27,46
2015/09/17,000000,01,04,09,17,35,41,37
2015/09/22,000000,02,11,12,25,36,43,10
2015/09/24,000000,04,10,15,16,24,28,49
2015/09/26,000000,06,15,16,18,37,43,02
2015/09/30,000000,09,10,23,28,37,46,34
2015/10/03,000000,08,10,16,30,39,40,06
2015/10/06,000000,02,07,09,22,32,46,26
2015/10/08,000000,08,17,28,34,39,40,14
2015/10/11,000000,04,21,22,35,36,46,40
2015/10/13,000000,01,04,22,30,33,34,26
2015/10/15,000000,17,18,26,30,33,34,29
2015/10/17,000000,02,12,19,33,34,48,24
2015/10/19,000000,07,11,15,38,39,46,25
2015/10/21,000000,01,14,16,25,40,48,17
2015/10/24,000000,18,27,28,34,35,45,02
2015/10/27,000000,20,22,31,33,39,44,10
2015/10/29,000000,04,05,06,22,31,46,47
2015/10/31,000000,04,10,28,37,42,48,08
2015/11/03,000000,07,12,13,25,34,38,15
2015/11/05,000000,05,10,11,25,27,44,07
2015/11/07,000000,06,16,27,34,44,48,01
2015/11/10,000000,04,14,28,42,43,47,03
2015/11/12,000000,10,20,24,28,33,45,19
2015/11/15,000000,13,15,24,28,41,45,20
2015/11/17,000000,12,13,31,33,35,47,21
2015/11/19,000000,13,15,25,40,41,48,19
2015/11/22,000000,09,20,30,33,38,39,37
2015/11/24,000000,17,21,22,36,41,44,38
2015/11/26,000000,10,17,25,26,39,44,07
2015/11/28,000000,15,21,24,25,28,31,48
2015/12/01,000000,08,09,10,22,33,40,28
2015/12/03,000000,04,11,14,41,42,44,10
2015/12/05,000000,06,16,19,34,35,46,09
2015/12/08,000000,09,10,25,40,48,49,32
2015/12/10,000000,09,24,29,32,34,47,42
2015/12/12,000000,16,18,27,35,42,44,33
2015/12/15,000000,18,22,40,41,48,49,42
2015/12/17,000000,18,20,24,36,44,45,39
2015/12/20,000000,06,11,16,20,43,45,21
2015/12/22,000000,11,28,36,38,44,48,26
2015/12/24,000000,12,18,20,28,33,47,25
2015/12/26,000000,01,08,33,37,42,47,07
2015/12/29,000000,03,05,20,30,33,38,28
2015/12/31,000000,02,11,12,22,24,25,03
2016/01/02,000000,06,08,11,32,34,41,47
2016/01/05,000000,02,05,07,18,30,45,11
2016/01/07,000000,06,09,11,29,43,47,08
2016/01/10,000000,04,08,15,18,30,45,38
2016/01/12,000000,08,13,15,35,44,45,47
2016/01/14,000000,01,02,10,23,32,49,26
2016/01/16,000000,01,02,06,37,40,43,24
2016/01/19,000000,08,18,20,25,30,39,13
2016/01/21,000000,02,12,33,40,45,47,09
2016/01/23,000000,07,08,12,14,23,32,05
2016/01/26,000000,05,09,22,26,27,40,13
2016/01/28,000000,08,20,30,34,42,48,36
2016/01/30,000000,01,05,29,32,39,44,04
2016/02/02,000000,18,28,30,33,34,36,02
2016/02/04,000000,07,13,15,35,38,45,32
2016/02/07,000000,11,13,15,19,21,29,41
2016/02/11,000000,03,04,17,30,35,47,10
2016/02/13,000000,08,14,24,29,36,43,31
2016/02/16,000000,18,21,22,34,42,43,24
2016/02/18,000000,13,20,38,39,41,45,46
2016/02/20,000000,12,20,39,44,47,49,45
2016/02/23,000000,09,15,24,27,44,45,47
2016/02/25,000000,03,06,22,24,45,47,07
2016/02/27,000000,06,09,11,20,27,44,42
2016/03/01,000000,11,16,19,21,30,33,31
2016/03/03,000000,01,02,05,07,16,45,33
2016/03/05,000000,17,26,29,32,48,49,40
2016/03/08,000000,03,04,16,30,34,39,14
2016/03/10,000000,09,14,24,30,33,48,43
2016/03/12,000000,03,23,33,36,41,49,02
2016/03/15,000000,01,06,19,26,28,41,39
2016/03/17,000000,03,08,15,16,17,38,35
2016/03/19,000000,23,25,35,39,42,43,14
2016/03/22,000000,05,10,18,24,27,49,39
2016/03/24,000000,16,18,21,25,35,46,13
2016/03/26,000000,17,24,38,44,46,47,27
2016/03/29,000000,09,12,13,22,30,31,28
2016/04/02,000000,04,06,29,34,36,45,47
2016/04/05,000000,04,10,21,30,35,43,07
2016/04/07,000000,08,21,25,32,34,45,31
2016/04/09,000000,03,06,13,38,43,44,31
2016/04/12,000000,21,25,28,33,46,48,10
2016/04/14,000000,14,21,25,27,44,46,03
2016/04/17,000000,16,24,28,35,45,46,38
2016/04/19,000000,05,08,30,34,45,48,03
2016/04/21,000000,03,05,14,15,39,41,21
2016/04/23,000000,02,10,16,35,46,47,49
2016/04/26,000000,01,03,25,27,28,45,12
2016/04/30,000000,11,20,28,29,44,49,40
2016/05/05,000000,06,07,12,15,27,36,29
2016/05/10,000000,20,26,28,32,40,45,43
2016/05/12,000000,04,12,19,20,27,49,21
2016/05/15,000000,02,11,25,28,36,46,42
2016/05/17,000000,01,19,23,24,32,40,35
2016/05/19,000000,02,08,20,24,37,39,18
2016/05/21,000000,06,13,23,25,44,48,11
2016/05/24,000000,14,18,33,34,35,46,42
2016/05/26,000000,09,15,36,38,46,48,22
2016/05/28,000000,21,23,32,33,36,42,20
2016/05/31,000000,21,24,36,38,39,44,49
2016/06/02,000000,03,04,19,24,26,34,38
2016/06/04,000000,08,16,21,32,38,48,11
2016/06/06,000000,02,05,08,12,20,49,47
2016/06/08,000000,04,13,34,36,42,48,19
2016/06/11,000000,10,14,23,29,40,42,11
2016/06/14,000000,13,15,30,36,44,49,37
2016/06/16,000000,19,22,27,29,45,48,04
2016/06/18,000000,04,05,08,12,34,37,24
2016/06/21,000000,09,10,20,21,38,39,49
2016/06/23,000000,06,09,21,35,48,49,29
2016/06/25,000000,10,15,22,38,42,43,18
2016/06/28,000000,07,13,23,30,32,48,36
2016/06/30,000000,02,05,06,07,16,29,35
2016/07/02,000000,02,08,16,32,33,37,05
2016/07/05,000000,01,06,13,17,34,44,38
2016/07/07,000000,13,14,21,31,38,44,22
2016/07/09,000000,07,19,20,28,30,31,29
2016/07/12,000000,12,20,31,32,35,45,18
2016/07/14,000000,16,21,30,36,38,47,48
2016/07/16,000000,01,02,07,16,24,34,36
2016/07/19,000000,07,21,27,33,46,47,04
2016/07/22,000000,10,11,22,41,44,46,35
2016/07/24,000000,11,18,26,31,39,44,24
2016/07/26,000000,03,14,17,21,28,49,12
2016/07/28,000000,12,20,24,35,39,47,15
2016/07/30,000000,09,21,29,33,35,48,28
2016/08/02,000000,07,11,12,19,21,39,49
2016/08/04,000000,10,16,34,41,45,47,07
2016/08/06,000000,02,17,23,32,36,40,03
2016/08/09,000000,05,09,13,22,34,39,40
2016/08/11,000000,10,11,19,23,30,38,13
2016/08/13,000000,03,04,11,23,44,47,24
2016/08/16,000000,05,12,14,20,27,46,26
2016/08/18,000000,03,17,20,22,45,46,30
2016/08/20,000000,02,03,15,28,46,48,33
2016/08/23,000000,14,16,24,25,43,44,03
2016/08/25,000000,04,20,34,35,40,47,03
2016/08/27,000000,03,06,13,24,37,43,30
2016/08/30,000000,14,20,21,31,34,42,25
2016/09/01,000000,08,11,13,30,34,49,02
2016/09/04,000000,08,25,26,28,38,43,22
2016/09/06,000000,11,15,33,41,43,48,27
2016/09/08,000000,03,04,05,26,45,48,14
2016/09/10,000000,07,16,32,37,38,46,22
2016/09/13,000000,01,13,19,21,38,49,23
2016/09/15,000000,24,25,34,35,44,49,30
2016/09/17,000000,03,18,21,25,31,42,26
2016/09/20,000000,04,16,19,27,41,44,25
2016/09/22,000000,05,30,38,43,44,47,14
2016/09/24,000000,01,17,20,34,43,44,42
2016/09/27,000000,12,16,19,23,28,32,27
2016/09/29,000000,14,20,28,33,41,48,40
2016/10/02,000000,07,08,21,22,34,46,06
2016/10/04,000000,02,06,10,28,38,40,30
2016/10/06,000000,05,11,13,19,33,48,34
2016/10/09,000000,12,26,28,36,45,49,09
2016/10/11,000000,16,19,24,28,36,42,13
2016/10/13,000000,02,09,16,27,32,40,46
2016/10/15,000000,07,12,18,27,28,40,10
2016/10/18,000000,08,27,28,30,38,41,12
2016/10/20,000000,02,04,07,15,28,45,19
2016/10/22,000000,03,12,13,20,33,43,35
2016/10/25,000000,07,08,12,17,22,29,14
2016/10/27,000000,08,16,17,34,35,44,41
2016/10/29,000000,22,26,32,38,43,47,42
2016/11/01,000000,01,02,21,31,33,36,08
2016/11/03,000000,06,14,18,22,30,38,47
2016/11/05,000000,09,12,31,39,42,46,48
2016/11/08,000000,03,05,06,11,34,42,28
2016/11/10,000000,03,17,38,39,46,49,37
2016/11/13,000000,02,16,27,29,34,41,42
2016/11/15,000000,10,15,17,18,27,40,26
2016/11/17,000000,05,18,26,28,30,45,33
2016/11/19,000000,02,06,23,24,37,42,32
2016/11/22,000000,12,13,16,18,38,40,05
2016/11/24,000000,03,09,24,31,38,49,41
2016/11/26,000000,01,02,03,04,07,10,33
2016/11/29,000000,04,11,18,22,24,49,25
2016/12/01,000000,09,15,18,21,24,37,16
2016/12/03,000000,08,13,23,30,47,48,07
2016/12/06,000000,03,07,17,29,32,49,11
2016/12/08,000000,09,24,26,28,37,39,29
2016/12/10,000000,07,22,32,33,34,39,45
2016/12/13,000000,07,14,26,31,38,44,37
2016/12/15,000000,15,19,20,32,33,34,23
2016/12/18,000000,03,10,21,26,28,38,29
2016/12/20,000000,05,28,32,34,37,48,39
2016/12/23,000000,04,14,16,25,32,35,47
2016/12/25,000000,03,04,10,26,37,43,41
2016/12/29,000000,02,11,13,15,17,21,26
2016/12/31,000000,08,09,12,15,17,28,33
2017/01/03,000000,04,11,22,29,37,46,18
2017/01/05,000000,05,14,20,21,36,49,39
2017/01/07,000000,07,10,14,29,45,46,19
2017/01/10,000000,02,07,14,26,38,39,12
2017/01/12,000000,18,25,27,30,40,43,06
2017/01/15,000000,01,06,22,37,44,48,35
2017/01/17,000000,26,27,28,36,42,47,33
2017/01/19,000000,01,02,13,23,35,43,18
2017/01/21,000000,08,27,28,37,38,49,33
2017/01/24,000000,02,05,23,27,36,43,20
2017/01/26,000000,13,24,28,29,31,44,10
2017/01/28,000000,08,15,25,30,34,40,42
2017/02/01,000000,13,14,18,23,29,35,45
2017/02/04,000000,07,14,25,28,33,40,26
2017/02/07,000000,06,11,22,25,32,33,24
2017/02/09,000000,03,12,13,19,24,45,40
2017/02/12,000000,07,21,26,30,38,47,15
2017/02/14,000000,14,16,21,28,43,46,26
2017/02/16,000000,05,08,23,34,41,44,07
2017/02/18,000000,05,08,12,17,20,37,45
2017/02/21,000000,01,07,13,29,32,44,20
2017/02/23,000000,13,15,16,32,34,46,10
2017/02/25,000000,04,12,19,20,25,26,08
2017/02/28,000000,15,20,24,34,42,44,07
2017/03/02,000000,06,13,31,42,43,45,34
2017/03/04,000000,10,18,22,23,29,32,45
2017/03/07,000000,02,14,18,19,40,43,42
2017/03/09,000000,17,19,25,35,41,44,26
2017/03/11,000000,01,04,20,27,32,39,15
2017/03/14,000000,02,32,33,35,36,44,48
2017/03/16,000000,01,02,11,19,40,48,04
2017/03/18,000000,02,13,17,23,30,46,08
2017/03/21,000000,08,12,20,25,37,46,02
2017/03/23,000000,05,14,17,33,41,47,16
2017/03/25,000000,09,10,23,30,38,48,16
2017/03/28,000000,02,09,21,35,36,40,44
2017/03/30,000000,18,19,21,30,38,48,07
2017/04/01,000000,07,17,20,34,36,44,23
2017/04/04,000000,03,09,19,33,40,41,26
2017/04/06,000000,04,21,24,39,45,46,40
2017/04/08,000000,02,11,14,20,27,30,19
2017/04/11,000000,14,17,22,29,30,31,38
2017/04/13,000000,04,10,25,26,38,49,34
2017/04/15,000000,01,04,05,29,33,44,39
2017/04/18,000000,04,10,11,18,29,38,28
2017/04/22,000000,01,09,11,23,29,34,06
2017/04/25,000000,01,21,22,45,46,49,14
2017/04/27,000000,16,17,21,42,48,49,37
2017/04/29,000000,05,08,14,22,31,48,33
2017/05/02,000000,01,20,22,27,31,41,02
2017/05/04,000000,04,17,21,32,36,46,27
2017/05/06,000000,01,03,09,13,34,35,27
2017/05/09,000000,06,22,23,31,36,45,12
2017/05/11,000000,09,16,22,38,40,46,11
2017/05/14,000000,01,07,12,18,27,33,20
2017/05/16,000000,01,05,07,09,10,15,03
2017/05/18,000000,07,11,20,28,41,49,32
2017/05/20,000000,02,03,17,34,38,48,14
2017/05/23,000000,07,13,17,23,29,46,49
2017/05/25,000000,23,26,27,39,40,48,07
2017/05/27,000000,05,07,18,22,33,43,27
2017/05/30,000000,14,18,27,32,37,38,01
2017/06/01,000000,04,18,23,28,36,45,33
2017/06/03,000000,11,15,24,25,33,40,42
2017/06/06,000000,08,24,26,30,47,49,35
2017/06/08,000000,08,11,15,23,24,29,06
2017/06/10,000000,01,13,18,23,30,44,42
2017/06/13,000000,21,23,27,34,46,49,44
2017/06/15,000000,01,02,05,12,18,19,44
2017/06/17,000000,09,34,39,42,46,49,32
2017/06/20,000000,15,18,20,25,35,45,34
2017/06/22,000000,18,20,21,27,31,49,45
2017/06/24,000000,03,28,30,32,37,42,11
2017/06/27,000000,12,24,30,40,44,48,08
2017/06/29,000000,11,16,26,27,29,37,19
2017/07/02,000000,04,09,27,33,39,42,35
2017/07/04,000000,02,05,15,26,27,38,18
2017/07/06,000000,02,06,07,08,10,30,28
2017/07/08,000000,03,08,11,21,36,48,37
2017/07/11,000000,01,11,20,22,43,45,35
2017/07/13,000000,04,05,25,27,29,41,18
2017/07/15,000000,29,34,35,42,43,48,26
2017/07/18,000000,06,14,32,33,40,46,10
2017/07/20,000000,05,09,12,25,26,34,21
2017/07/22,000000,04,06,27,36,47,49,03
2017/07/25,000000,08,09,15,33,37,47,01
2017/07/27,000000,03,04,31,37,42,44,40
2017/07/30,000000,11,15,25,30,37,43,17
2017/08/01,000000,10,25,26,32,36,37,46
2017/08/03,000000,06,18,22,24,35,40,36
2017/08/05,000000,14,25,32,35,39,48,31
2017/08/08,000000,08,10,25,28,33,37,07
2017/08/10,000000,18,22,25,32,33,42,29
2017/08/12,000000,03,04,15,25,38,45,28
2017/08/15,000000,03,04,07,19,20,23,27
2017/08/17,000000,05,21,24,29,43,44,42
2017/08/19,000000,02,23,32,34,43,45,22
2017/08/22,000000,04,23,24,33,40,43,15
2017/08/24,000000,04,07,10,21,28,47,17
2017/08/26,000000,16,34,35,36,40,46,31
2017/08/29,000000,12,24,26,34,44,48,04
2017/08/31,000000,12,17,18,25,33,37,29
2017/09/02,000000,01,05,11,23,24,27,15
2017/09/05,000000,01,02,08,30,39,43,19
2017/09/07,000000,10,19,27,29,41,46,17
2017/09/09,000000,04,07,18,23,29,39,49
2017/09/12,000000,21,23,30,38,44,49,37
2017/09/14,000000,25,26,34,41,42,49,01
2017/09/17,000000,03,12,16,23,36,47,33
2017/09/19,000000,07,11,12,30,34,36,17
2017/09/21,000000,01,03,04,05,32,39,10
2017/09/23,000000,01,13,22,25,30,36,04
2017/09/26,000000,02,10,19,27,31,33,16
2017/09/28,000000,07,18,24,26,39,45,44
2017/09/30,000000,02,11,19,20,33,49,06
2017/10/02,000000,01,08,19,22,35,46,30
2017/10/04,000000,10,16,22,23,26,46,25
2017/10/07,000000,03,06,24,38,45,48,05
2017/10/10,000000,06,17,22,26,32,45,24
2017/10/12,000000,01,06,08,11,12,16,41
2017/10/17,000000,02,04,19,30,35,47,25
2017/10/19,000000,08,12,19,24,28,49,37
2017/10/21,000000,08,16,18,30,43,45,27
2017/10/24,000000,01,08,09,16,29,42,49
2017/10/26,000000,04,05,20,29,35,38,36
2017/10/28,000000,07,16,18,22,26,44,09
2017/10/31,000000,21,26,29,35,45,49,41
2017/11/02,000000,05,18,20,32,36,40,07
2017/11/04,000000,23,30,32,33,43,44,28
2017/11/07,000000,03,18,19,35,38,40,48
2017/11/09,000000,03,32,36,46,48,49,29
2017/11/12,000000,12,16,22,28,36,37,45
2017/11/14,000000,01,15,20,28,33,43,18
2017/11/16,000000,03,08,20,34,40,46,24
2017/11/18,000000,19,24,26,30,36,41,43
2017/11/21,000000,08,27,30,35,36,43,31
2017/11/23,000000,03,04,30,37,39,42,32
2017/11/25,000000,05,13,16,28,40,41,02
2017/11/28,000000,06,08,09,23,36,40,19
2017/11/30,000000,04,10,32,35,38,47,49
2017/12/02,000000,07,14,19,27,28,38,46
2017/12/05,000000,07,09,14,18,20,44,29
2017/12/07,000000,01,25,34,37,39,47,18
2017/12/09,000000,22,24,29,35,38,48,30
2017/12/12,000000,04,15,29,34,38,48,30
2017/12/14,000000,07,10,20,25,34,35,08
2017/12/16,000000,01,03,06,09,24,28,36
2017/12/19,000000,03,09,33,38,44,49,24
2017/12/21,000000,14,21,22,28,30,47,03
2017/12/24,000000,01,16,26,34,39,47,11
2017/12/26,000000,02,07,16,28,30,37,12
2017/12/28,000000,15,17,23,40,44,46,11
2017/12/30,000000,01,13,22,25,36,38,37
2018/01/02,000000,12,18,28,35,39,42,36
2018/01/06,000000,01,12,21,31,36,49,23
2018/01/11,000000,03,29,31,43,47,49,19
2018/01/16,000000,02,21,27,30,36,37,04
2018/01/20,000000,02,05,23,24,27,34,08
2018/01/23,000000,03,20,27,32,37,41,44
2018/01/25,000000,03,14,23,36,40,47,20
2018/01/27,000000,08,17,26,33,43,45,40
2018/01/30,000000,04,07,11,12,40,49,25
2018/02/01,000000,20,23,26,29,47,49,39
2018/02/03,000000,02,04,12,25,40,49,08
2018/02/06,000000,03,19,26,28,35,48,32
2018/02/08,000000,13,16,22,28,37,41,34
2018/02/11,000000,01,02,09,27,33,45,38
2018/02/13,000000,02,09,18,27,32,42,12
2018/02/15,000000,01,19,21,32,43,45,34
2018/02/20,000000,03,05,25,42,43,44,02
2018/02/22,000000,04,12,19,20,30,39,05
2018/02/24,000000,17,20,34,38,42,45,05
2018/02/27,000000,13,24,28,31,41,43,16
2018/03/01,000000,02,14,15,17,18,29,01
2018/03/04,000000,06,10,11,23,28,43,21
2018/03/06,000000,02,11,17,19,35,37,20
2018/03/08,000000,01,06,30,43,44,48,07
2018/03/10,000000,07,18,19,26,27,39,02
2018/03/13,000000,05,16,20,25,34,42,02
2018/03/15,000000,13,16,25,35,38,49,33
2018/03/17,000000,04,06,23,33,40,47,30
2018/03/20,000000,03,22,27,29,42,45,10
2018/03/22,000000,10,18,21,29,33,46,36
2018/03/24,000000,12,19,23,28,35,45,06
2018/03/29,000000,05,12,24,27,30,47,43
2018/03/31,000000,09,13,16,18,19,34,21
2018/04/03,000000,21,29,31,41,46,49,36
2018/04/05,000000,19,24,29,39,40,42,30
2018/04/07,000000,04,20,23,27,31,43,03
2018/04/10,000000,01,15,23,34,43,48,25
2018/04/12,000000,01,02,09,11,37,41,18
2018/04/14,000000,12,14,15,36,38,40,42
2018/04/17,000000,03,08,16,22,28,32,24
2018/04/19,000000,20,21,33,40,45,49,43
2018/04/22,000000,10,14,28,30,42,44,35
2018/04/24,000000,12,20,21,28,33,41,09
2018/04/26,000000,08,12,20,33,35,45,42
2018/04/28,000000,02,15,17,18,21,44,14
2018/05/01,000000,01,05,10,20,21,25,43
2018/05/03,000000,12,24,30,31,32,34,41
2018/05/05,000000,03,24,40,44,45,49,08
2018/05/08,000000,03,14,18,28,31,40,38
2018/05/10,000000,12,19,25,31,36,49,11
2018/05/13,000000,01,06,09,19,21,23,43
2018/05/15,000000,05,08,09,19,32,44,39
2018/05/17,000000,03,16,23,30,43,46,26
2018/05/19,000000,14,23,29,36,37,47,25
2018/05/22,000000,07,12,14,22,31,33,38
2018/05/24,000000,04,05,07,11,12,13,18
2018/05/26,000000,01,12,22,40,42,44,28
2018/05/29,000000,03,06,11,22,45,46,01
2018/05/31,000000,03,05,28,33,40,49,32
2018/06/02,000000,04,15,30,33,38,41,16
2018/06/05,000000,06,10,24,34,40,45,09
2018/06/07,000000,05,32,34,36,38,43,25
2018/06/09,000000,11,23,35,41,46,49,47
2018/06/12,000000,30,31,34,40,41,42,33
2018/06/14,000000,02,10,24,28,35,39,27
2018/06/17,000000,01,07,20,21,35,48,22
2018/06/19,000000,02,07,21,31,33,42,24
2018/06/21,000000,16,23,24,31,33,34,18
2018/06/23,000000,02,09,16,18,24,46,47
2018/06/26,000000,07,08,12,17,33,42,26
2018/06/28,000000,06,13,23,29,38,45,41
2018/06/30,000000,05,06,16,18,30,32,27
2018/07/03,000000,03,21,22,41,45,49,10
2018/07/05,000000,01,13,20,34,38,40,29
2018/07/07,000000,08,17,20,26,40,46,19
2018/07/10,000000,06,08,29,38,41,49,02
2018/07/12,000000,01,05,07,08,30,33,22
2018/07/14,000000,07,13,22,27,33,36,45
2018/07/17,000000,06,10,32,36,41,48,47
2018/07/19,000000,12,16,23,25,40,42,20
2018/07/21,000000,13,14,15,37,38,44,40
2018/07/24,000000,02,16,17,27,32,37,12
2018/07/26,000000,22,32,37,44,46,49,38
2018/07/28,000000,05,07,11,26,30,43,17
2018/07/31,000000,24,27,36,43,44,46,30
2018/08/02,000000,03,05,11,34,35,45,28
2018/08/04,000000,04,15,23,34,37,48,30
2018/08/07,000000,04,21,25,39,46,47,12
2018/08/09,000000,08,10,11,20,21,34,13
2018/08/11,000000,01,11,25,38,47,49,37
2018/08/14,000000,32,37,38,42,43,49,24
2018/08/16,000000,09,13,16,27,29,41,37
2018/08/18,000000,02,14,24,37,42,47,20
2018/08/21,000000,03,10,18,28,40,47,04
2018/08/23,000000,12,14,22,30,38,44,34
2018/08/25,000000,03,04,19,28,31,48,27
2018/08/28,000000,09,18,26,30,36,46,02
2018/08/30,000000,04,15,21,23,44,46,13
2018/09/01,000000,10,13,20,26,35,45,37
2018/09/04,000000,04,05,33,36,44,47,13
2018/09/06,000000,17,26,30,33,38,49,47
2018/09/08,000000,07,09,12,18,41,46,33
2018/09/11,000000,31,36,38,45,47,49,37
2018/09/13,000000,14,20,22,39,41,48,35
2018/09/15,000000,04,06,11,33,37,48,41
2018/09/18,000000,09,11,18,23,32,48,26
2018/09/20,000000,05,06,17,26,40,41,46
2018/09/23,000000,02,13,21,23,32,40,30
2018/09/25,000000,05,14,20,22,24,48,04
2018/09/27,000000,14,17,30,46,48,49,36
2018/09/29,000000,09,31,34,35,37,38,16
2018/10/02,000000,13,18,23,28,33,49,19
2018/10/04,000000,13,19,34,35,45,46,27
2018/10/06,000000,02,10,35,39,44,49,08
2018/10/09,000000,07,09,18,27,44,45,15
2018/10/11,000000,07,09,19,29,39,42,41
2018/10/14,000000,08,14,21,24,34,43,01
2018/10/16,000000,07,11,19,32,45,46,37
2018/10/20,000000,10,13,22,25,40,42,05
2018/10/23,000000,06,17,20,34,36,44,15
2018/10/25,000000,06,13,20,25,27,29,21
2018/10/27,000000,01,05,15,39,45,47,43
2018/10/30,000000,04,07,10,22,34,42,38
2018/11/01,000000,09,13,15,16,20,32,12
2018/11/03,000000,04,19,24,38,39,44,46
2018/11/06,000000,01,08,22,23,46,47,12
2018/11/08,000000,09,16,22,24,40,47,17
2018/11/11,000000,06,24,26,36,44,49,08
2018/11/13,000000,08,22,30,34,35,37,29
2018/11/15,000000,02,10,29,32,40,41,44
2018/11/17,000000,05,09,12,14,42,43,45
2018/11/20,000000,04,12,14,17,29,35,38
2018/11/22,000000,15,16,18,22,26,48,34
2018/11/24,000000,03,08,13,25,30,34,32
2018/11/27,000000,07,08,15,27,29,38,39
2018/11/29,000000,14,25,31,34,36,43,35
2018/12/01,000000,02,20,29,32,38,39,47
2018/12/04,000000,08,11,14,20,22,31,19
2018/12/06,000000,08,20,32,40,44,46,34
2018/12/08,000000,20,27,29,40,45,48,43
2018/12/11,000000,07,08,10,20,33,42,22
2018/12/13,000000,01,15,21,23,24,33,39
2018/12/15,000000,05,10,30,33,36,37,22
2018/12/18,000000,01,10,11,13,30,33,45
2018/12/20,000000,04,07,08,12,13,26,42
2018/12/22,000000,07,20,33,46,48,49,04
2018/12/25,000000,02,14,16,32,41,47,23
2018/12/27,000000,01,04,17,22,23,35,37
2018/12/30,000000,06,07,13,33,35,46,43
2019/01/03,000000,08,23,25,30,32,45,24
2019/01/05,000000,12,13,16,19,23,45,02
2019/01/08,000000,04,05,12,23,30,40,10
2019/01/10,000000,06,07,28,31,36,43,23
2019/01/13,000000,10,18,35,37,48,49,27
2019/01/15,000000,10,16,17,33,44,48,07
2019/01/17,000000,16,18,28,35,36,41,37
2019/01/19,000000,13,24,31,34,44,47,08
2019/01/22,000000,03,19,25,30,33,48,44
2019/01/24,000000,11,18,33,41,43,46,36
2019/01/26,000000,14,27,29,41,45,46,21
2019/01/29,000000,03,10,14,24,32,45,29
2019/01/31,000000,18,22,26,31,33,41,27
2019/02/03,000000,05,06,13,19,34,35,39
2019/02/06,000000,02,04,11,15,19,29,01
2019/02/09,000000,01,19,29,34,39,49,43
2019/02/12,000000,09,17,26,31,32,40,27
2019/02/14,000000,05,08,16,20,43,46,11
2019/02/16,000000,03,07,08,17,19,23,12
2019/02/19,000000,02,05,08,13,16,33,41
2019/02/21,000000,16,29,36,39,42,49,34
2019/02/23,000000,13,14,15,21,33,49,01
2019/02/26,000000,09,12,13,19,21,46,15
2019/02/28,000000,22,24,25,30,32,43,11
2019/03/03,000000,21,24,26,35,44,47,08
2019/03/05,000000,10,16,28,32,34,49,45
2019/03/07,000000,08,15,17,23,39,44,40
2019/03/09,000000,13,32,34,35,41,46,30
2019/03/12,000000,06,21,27,33,38,47,46
2019/03/14,000000,04,10,25,28,40,43,39
2019/03/16,000000,05,09,12,23,31,43,29
2019/03/19,000000,04,18,23,38,40,46,15
2019/03/21,000000,07,12,22,32,37,45,47
2019/03/23,000000,10,11,15,39,46,49,21
2019/03/26,000000,02,03,10,21,31,35,11
2019/03/28,000000,03,05,17,23,41,44,40
2019/03/30,000000,15,17,18,37,39,49,31
2019/04/02,000000,06,10,15,21,24,28,49
2019/04/04,000000,29,34,38,42,44,47,36
2019/04/06,000000,08,21,34,37,41,45,49
2019/04/09,000000,03,14,17,23,32,43,36
2019/04/11,000000,06,18,32,38,41,45,33
2019/04/13,000000,03,15,22,35,40,49,39
2019/04/16,000000,11,20,30,32,33,43,34
2019/04/20,000000,28,30,32,37,39,47,23
2019/04/25,000000,11,13,18,21,28,34,19
2019/04/27,000000,02,08,14,21,32,35,04
2019/04/30,000000,01,29,32,43,45,49,05
2019/05/02,000000,01,06,19,23,45,47,49
2019/05/04,000000,06,13,19,20,24,35,43
2019/05/07,000000,06,12,35,39,42,44,22
2019/05/09,000000,03,04,05,24,29,32,02
2019/05/14,000000,10,12,14,30,37,41,05
2019/05/16,000000,01,04,07,23,37,38,34
2019/05/19,000000,01,02,09,16,30,41,35
2019/05/21,000000,04,07,21,24,35,41,18
2019/05/23,000000,11,13,14,17,33,43,27
2019/05/25,000000,12,14,23,30,40,48,01
2019/05/28,000000,22,29,37,42,45,49,47
2019/05/30,000000,12,15,16,31,36,46,03
2019/06/01,000000,03,13,19,23,35,43,26
2019/06/04,000000,16,21,24,28,37,40,48
2019/06/06,000000,06,13,21,24,32,47,38
2019/06/09,000000,03,08,24,27,28,49,44
2019/06/11,000000,08,19,20,21,25,37,13
2019/06/13,000000,03,06,21,31,33,38,45
2019/06/15,000000,07,08,17,30,42,44,24
2019/06/18,000000,18,23,26,29,35,48,36
2019/06/20,000000,09,11,15,21,25,33,46
2019/06/22,000000,13,29,30,33,43,47,16
2019/06/25,000000,23,25,29,32,40,46,13
2019/06/27,000000,12,20,33,42,46,47,27
2019/06/29,000000,09,13,22,29,31,46,45
2019/07/02,000000,13,14,15,42,45,48,02
2019/07/04,000000,01,02,12,15,24,44,14
2019/07/06,000000,07,08,10,11,28,42,29
2019/07/09,000000,03,05,20,31,39,42,25
2019/07/11,000000,03,06,26,27,32,49,29
2019/07/13,000000,12,14,32,35,38,46,16
2019/07/16,000000,06,16,22,28,37,45,13
2019/07/18,000000,02,04,08,11,17,31,19
2019/07/20,000000,26,27,30,33,44,47,37
2019/07/23,000000,14,19,25,38,39,42,46
2019/07/25,000000,07,10,11,16,18,35,43
2019/07/27,000000,04,14,19,24,39,45,08
2019/07/30,000000,03,16,19,22,41,44,29
2019/08/01,000000,13,18,20,21,43,49,30
2019/08/03,000000,23,24,27,28,37,43,16
2019/08/06,000000,05,06,15,21,22,37,36
2019/08/08,000000,08,09,19,25,30,44,37
2019/08/10,000000,15,22,42,44,48,49,06
2019/08/13,000000,10,14,16,29,30,43,11
2019/08/15,000000,02,13,23,35,38,46,17
2019/08/17,000000,04,09,20,26,32,44,11
2019/08/20,000000,12,15,16,23,32,35,02
2019/08/22,000000,01,04,05,06,42,43,08
2019/08/24,000000,01,10,21,31,47,49,13
2019/08/27,000000,06,18,29,33,43,46,16
2019/08/29,000000,08,24,26,37,38,44,18
2019/08/31,000000,01,06,14,24,32,44,05
2019/09/03,000000,02,08,17,24,27,39,10
2019/09/05,000000,03,04,18,29,41,44,39
2019/09/07,000000,07,08,12,25,43,45,13
2019/09/10,000000,11,12,13,28,43,49,47
2019/09/12,000000,05,23,24,25,31,33,07
2019/09/14,000000,01,04,07,12,19,28,43
2019/09/17,000000,12,20,22,26,30,36,02
2019/09/19,000000,08,17,34,39,42,44,07
2019/09/22,000000,03,28,39,40,42,44,37
2019/09/24,000000,06,17,44,45,46,49,41
2019/09/26,000000,02,03,11,20,27,46,04
2019/09/29,000000,02,03,07,10,18,48,33
2019/10/03,000000,01,12,13,15,19,45,44
2019/10/08,000000,13,23,35,36,43,47,16
2019/10/13,000000,10,16,27,29,37,42,44
2019/10/17,000000,14,18,19,21,45,47,49
2019/10/19,000000,01,06,19,22,42,44,25
2019/10/22,000000,01,06,11,31,41,47,32
2019/10/24,000000,07,10,16,23,27,34,24
2019/10/26,000000,01,17,24,30,40,49,48
2019/10/29,000000,02,10,13,19,20,24,17
2019/11/02,000000,13,15,25,30,40,46,26
2019/11/07,000000,07,20,30,33,34,44,46
2019/11/10,000000,06,17,18,23,31,46,44
2019/11/14,000000,02,03,13,18,31,49,14
2019/11/16,000000,10,23,28,39,44,47,13
2019/11/19,000000,01,04,12,13,24,42,48
2019/11/21,000000,03,04,05,10,35,38,07
2019/11/24,000000,01,20,28,30,35,46,15
2019/11/26,000000,05,09,15,25,42,45,38
2019/11/28,000000,22,23,29,36,41,44,02
2019/11/30,000000,01,10,18,24,40,49,07
2019/12/03,000000,01,15,23,29,45,47,06
2019/12/05,000000,02,06,08,16,23,31,01
2019/12/07,000000,14,25,26,30,32,47,04
2019/12/10,000000,05,06,11,12,28,35,17
2019/12/12,000000,06,21,32,35,39,49,15
2019/12/14,000000,02,04,06,08,28,29,05
2019/12/17,000000,03,20,23,30,34,41,47
2019/12/19,000000,22,24,28,31,35,39,12
2019/12/22,000000,11,22,24,26,41,42,02
2019/12/24,000000,05,11,14,23,30,32,20
2019/12/28,000000,01,22,25,27,31,36,47
2019/12/31,000000,05,10,18,20,28,33,17
2020/01/02,000000,15,17,29,30,34,37,40
2020/01/07,000000,01,24,25,27,31,37,08
2020/01/12,000000,05,17,35,37,42,49,39
2020/01/16,000000,02,20,24,30,32,46,01
2020/01/18,000000,18,29,32,33,36,40,38
2020/01/21,000000,11,14,21,28,37,44,36
2020/01/23,000000,02,11,13,45,46,49,42
2020/02/01,000000,03,05,30,31,43,48,13
2020/09/24,000000,11,24,26,35,42,44,20
2020/09/29,000000,09,21,26,27,28,48,45
2020/10/08,000000,21,28,33,34,40,47,49
2020/10/15,000000,09,26,28,33,38,46,44
2020/10/22,000000,01,13,19,24,29,45,26
2020/10/29,000000,06,11,33,38,40,43,02
2020/11/06,000000,11,17,35,36,38,40,06
2020/11/10,000000,13,15,25,28,45,49,24
2020/11/13,000000,06,15,17,18,28,47,32
2020/11/17,000000,13,19,20,21,33,49,45
2020/11/20,000000,22,25,30,33,34,43,24
2020/11/24,000000,07,12,16,22,45,47,25
2020/11/27,000000,05,12,13,23,27,38,39
2020/12/01,000000,24,27,29,31,42,47,22
2020/12/04,000000,11,13,19,38,39,41,47
2020/12/08,000000,07,32,34,35,48,49,23
2020/12/11,000000,01,11,23,29,41,46,44
2020/12/15,000000,02,11,13,20,21,33,14
2020/12/18,000000,08,11,12,23,34,49,28
2020/12/22,000000,11,20,36,37,39,48,21
2020/12/25,000000,14,18,24,27,28,41,45
2020/12/29,000000,10,11,24,39,41,42,22
2021/01/02,000000,03,09,14,21,45,46,34
2021/01/05,000000,22,24,30,36,38,46,33
2021/01/08,000000,05,19,29,32,33,34,43
2021/01/12,000000,05,19,22,26,35,40,02
2021/01/15,000000,04,24,39,41,42,45,06
2021/01/19,000000,14,21,22,38,40,45,17
2021/01/22,000000,15,16,18,21,24,31,22
2021/01/26,000000,05,09,16,21,44,49,15
2021/01/29,000000,02,10,30,31,35,46,03
2021/02/02,000000,18,21,24,26,30,35,48
2021/02/05,000000,10,16,22,40,44,45,49
2021/02/09,000000,01,02,16,20,31,38,07
2021/02/12,000000,06,25,31,36,41,47,10
2021/02/16,000000,03,13,28,30,31,45,22
2021/02/19,000000,04,05,13,14,25,44,16
2021/02/23,000000,02,14,18,28,34,44,21
2021/02/26,000000,14,17,35,37,39,46,02
2021/03/02,000000,06,15,16,21,27,28,43
2021/03/05,000000,01,23,32,38,43,46,05
2021/03/12,000000,16,17,21,24,43,47,30
2021/03/19,000000,03,08,09,14,23,25,35
2021/03/23,000000,11,14,16,19,38,41,06
2021/03/26,000000,06,12,24,26,30,43,20
2021/03/30,000000,24,26,36,37,41,43,31
2021/04/02,000000,01,02,33,34,42,49,39
2021/04/06,000000,04,07,08,20,22,41,21
2021/04/09,000000,07,09,12,13,14,16,23
2021/04/13,000000,07,10,13,14,20,35,49
2021/04/16,000000,05,06,17,23,29,38,24
2021/04/20,000000,12,32,40,42,48,49,27
2021/04/23,000000,15,18,20,23,31,47,12
2021/04/27,000000,02,13,15,19,38,41,30
2021/04/30,000000,07,09,29,33,36,49,41
2021/05/04,000000,08,09,10,19,38,45,06
2021/05/07,000000,05,08,22,26,40,41,46
2021/05/11,000000,15,22,30,31,35,45,06
2021/05/14,000000,05,14,28,29,31,37,11
2021/05/18,000000,02,09,26,34,35,36,04
2021/05/21,000000,08,14,31,37,44,47,38
2021/05/25,000000,01,07,19,22,27,49,20
2021/05/28,000000,05,12,30,43,44,45,21
2021/06/01,000000,01,06,16,28,33,36,08
2021/06/04,000000,02,06,16,22,34,49,45
2021/06/08,000000,07,13,21,24,28,30,10
2021/06/11,000000,02,03,15,29,41,43,07
2021/06/15,000000,03,11,13,22,44,45,04
2021/06/17,000000,01,25,31,34,42,48,20
2021/06/19,000000,04,15,17,32,38,43,30
2021/06/22,000000,01,05,07,24,26,30,08
2021/06/24,000000,04,11,14,21,38,48,31
2021/06/27,000000,02,07,11,27,37,42,28
2021/06/29,000000,10,16,24,39,44,47,28
2021/07/03,000000,07,09,24,29,37,48,17
2021/07/06,000000,02,06,15,16,26,34,14
2021/07/08,000000,07,09,13,27,39,43,42
2021/07/10,000000,25,28,34,37,40,49,33
2021/07/13,000000,09,13,21,35,38,48,20
2021/07/15,000000,06,19,22,23,28,49,20
2021/07/17,000000,01,06,16,30,32,47,12
2021/07/20,000000,02,07,15,19,31,49,46
2021/07/22,000000,02,03,04,05,08,23,27
2021/07/24,000000,11,12,25,27,28,34,46
2021/07/27,000000,08,11,19,22,29,44,14
2021/08/01,000000,01,04,09,21,36,42,03
2021/08/03,000000,10,13,15,29,31,39,47
2021/08/05,000000,10,17,19,25,36,39,31
2021/08/07,000000,13,14,26,34,35,44,12
2021/08/10,000000,04,12,14,17,22,32,41
2021/08/12,000000,20,21,30,34,36,37,29
2021/08/14,000000,11,12,19,38,39,41,06
2021/08/19,000000,04,26,28,31,32,33,08
2021/08/21,000000,02,05,18,21,42,48,46
2021/08/26,000000,05,10,17,30,43,44,40
2021/08/28,000000,02,14,15,16,33,45,19
2021/08/31,000000,01,12,23,29,45,46,48
2021/09/02,000000,10,28,39,45,48,49,15
2021/09/04,000000,05,08,29,31,32,36,12
2021/09/07,000000,02,07,21,23,27,36,40
2021/09/09,000000,07,22,24,31,33,37,39
2021/09/11,000000,12,26,31,37,38,44,16
2021/09/14,000000,07,08,32,33,39,49,23
2021/09/16,000000,01,06,11,20,32,35,22
2021/09/21,000000,14,15,25,26,32,45,02
2021/09/23,000000,02,04,10,17,38,41,47
2021/09/25,000000,15,18,32,43,45,47,12
2021/09/28,000000,02,23,31,38,43,45,40
2021/09/30,000000,02,03,11,20,24,47,48
2021/10/02,000000,06,12,19,31,47,48,41
2021/10/05,000000,19,20,26,29,32,48,38
2021/10/07,000000,08,11,19,21,24,47,23
2021/10/14,000000,02,06,09,27,43,45,35
2021/10/16,000000,03,14,16,23,38,46,02
2021/10/19,000000,07,13,15,19,24,37,02
2021/10/21,000000,06,09,11,13,15,47,38
2021/10/26,000000,09,14,23,28,34,48,36
2021/10/28,000000,01,05,17,26,34,48,42
2021/10/30,000000,03,14,37,41,42,45,04
2021/11/02,000000,04,05,24,33,44,49,41
2021/11/04,000000,03,22,30,32,40,43,05
2021/11/06,000000,13,15,40,41,42,49,21
2021/11/09,000000,03,11,15,25,30,45,33
2021/11/11,000000,10,13,31,37,40,46,15
2021/11/14,000000,01,11,15,21,24,28,08
2021/11/16,000000,09,13,25,27,33,36,35
2021/11/18,000000,02,16,23,25,29,38,18
2021/11/20,000000,18,19,24,38,39,42,41
2021/11/23,000000,02,06,11,22,34,38,07
2021/11/25,000000,10,28,36,39,47,48,44
2021/11/27,000000,02,14,30,41,42,44,22
2021/11/30,000000,01,17,22,26,38,44,08
2021/12/02,000000,03,21,26,36,38,49,09
2021/12/04,000000,01,21,24,29,44,46,19
2021/12/07,000000,04,13,19,21,35,43,27
2021/12/09,000000,04,07,09,13,15,43,01
2021/12/11,000000,07,21,34,35,42,48,41
2021/12/14,000000,07,24,29,36,41,43,35
2021/12/16,000000,05,06,19,43,47,49,39
2021/12/19,000000,12,20,21,26,33,42,09
2021/12/21,000000,11,12,16,32,43,44,41
2021/12/23,000000,03,09,11,17,22,44,23
2021/12/25,000000,08,11,20,30,35,40,27
2021/12/28,000000,21,25,30,33,36,49,03
2021/12/30,000000,20,21,22,29,34,35,07
2022/01/04,000000,02,08,12,14,20,47,36
2022/01/20,000000,01,03,10,11,30,42,39
2022/01/27,000000,10,18,20,29,32,33,02
2022/02/05,000000,15,18,21,25,39,43,33
2022/02/10,000000,06,13,17,28,35,44,05
2022/02/17,000000,06,07,22,34,35,46,08
2022/02/24,000000,02,09,11,12,16,24,43
2022/03/03,000000,12,19,21,22,40,43,46
2022/03/08,000000,01,05,23,42,46,49,11
2022/03/11,000000,11,20,23,29,38,47,12
2022/03/15,000000,03,10,12,28,39,48,17
2022/03/18,000000,12,18,22,30,40,49,15
2022/03/22,000000,06,28,32,33,40,45,01
2022/03/25,000000,15,20,26,28,29,46,12
2022/03/29,000000,08,18,21,35,37,38,10
2022/04/01,000000,04,08,21,40,46,49,34
2022/04/05,000000,09,11,12,22,29,42,03
2022/04/08,000000,10,20,36,38,43,48,30
2022/04/12,000000,08,11,12,20,26,30,28
2022/04/15,000000,21,25,30,36,37,47,42
2022/04/19,000000,12,23,28,34,39,46,44
2022/04/22,000000,08,11,15,19,34,37,25
2022/04/26,000000,09,23,30,32,34,40,25
2022/04/29,000000,01,07,16,28,31,48,18
2022/05/03,000000,03,08,11,15,18,40,41
2022/05/06,000000,02,15,41,42,44,46,40
2022/05/10,000000,12,14,19,39,41,48,33
2022/05/13,000000,01,05,10,22,30,34,42
2022/05/17,000000,04,07,29,35,40,46,17
2022/05/20,000000,27,30,36,38,45,46,34
2022/05/24,000000,05,07,08,17,47,49,34
2022/05/27,000000,01,17,25,29,42,46,08
2022/05/31,000000,02,13,35,39,43,48,09
2022/06/03,000000,01,27,32,35,38,44,24
2022/06/07,000000,09,16,21,35,47,48,36
2022/06/10,000000,11,17,24,26,37,41,34
2022/06/14,000000,07,16,21,30,34,38,41
2022/06/17,000000,09,17,24,27,33,39,48
2022/06/21,000000,02,15,20,30,47,48,44
2022/06/27,000000,01,13,19,26,29,37,15
2022/07/03,000000,19,21,23,26,37,39,13
2022/07/05,000000,09,30,31,32,37,40,25
2022/07/08,000000,07,10,28,30,32,36,27
2022/07/12,000000,04,13,22,27,43,47,23
2022/07/15,000000,19,20,25,29,46,47,35
2022/07/22,000000,05,12,21,30,34,38,03
2022/07/26,000000,06,14,23,31,38,48,01
2022/07/28,000000,08,13,16,21,23,49,44
2022/07/30,000000,21,25,34,37,41,46,14
2022/08/02,000000,04,08,09,11,42,46,47
2022/08/04,000000,13,24,30,35,36,39,29
2022/08/09,000000,01,12,25,28,36,46,13
2022/08/11,000000,07,12,22,26,43,49,05
2022/08/13,000000,06,22,25,33,38,47,10
2022/08/16,000000,07,20,31,35,41,47,42
2022/08/18,000000,02,08,19,21,24,47,04
2022/08/20,000000,08,17,19,28,31,35,46
2022/08/23,000000,04,08,09,10,30,42,22
2022/08/25,000000,16,19,32,33,42,46,34
2022/08/27,000000,12,22,34,35,39,45,07
2022/08/30,000000,07,08,09,17,24,25,20
2022/09/01,000000,23,24,30,31,45,46,26
2022/09/03,000000,02,08,12,19,35,45,33
2022/09/06,000000,14,22,35,37,42,46,24
2022/09/08,000000,08,14,15,20,41,44,03
2022/09/13,000000,02,04,20,38,40,46,11
2022/09/15,000000,21,23,29,30,33,49,40
2022/09/17,000000,05,17,22,24,34,38,13
2022/09/20,000000,04,07,14,18,27,31,48
2022/09/22,000000,08,11,31,32,33,36,46
2022/09/24,000000,04,06,10,27,29,46,17
2022/09/27,000000,02,18,29,30,32,47,46
2022/09/29,000000,06,08,18,36,37,44,30
2022/10/02,000000,01,07,11,24,27,38,17
2022/10/04,000000,07,08,12,13,26,43,03
2022/10/06,000000,04,11,21,28,31,47,05
2022/10/08,000000,07,11,28,31,43,48,42
2022/10/11,000000,01,05,10,25,36,47,23
2022/10/13,000000,01,10,14,38,47,48,40
2022/10/15,000000,18,21,25,28,38,44,45
2022/10/18,000000,07,25,26,39,44,45,46
2022/10/20,000000,20,24,27,31,32,49,36
2022/10/22,000000,12,15,16,42,44,45,04
2022/10/25,000000,27,28,30,34,35,48,11
2022/10/29,000000,04,05,12,15,28,29,20
2022/11/01,000000,02,12,14,32,41,46,20
2022/11/03,000000,10,13,19,21,27,49,35
2022/11/05,000000,07,11,22,23,28,32,29
2022/11/08,000000,10,20,27,32,38,46,04
2022/11/10,000000,11,12,14,18,29,30,31
2022/11/13,000000,05,12,18,19,26,33,46
2022/11/15,000000,17,18,32,38,44,49,19
2022/11/17,000000,01,09,27,32,33,35,45
2022/11/19,000000,06,11,27,39,46,47,15
2022/11/22,000000,06,10,11,13,32,46,39
2022/11/24,000000,03,12,14,19,25,28,11
2022/11/26,000000,14,25,28,29,43,44,10
2022/11/29,000000,12,18,22,28,31,40,07
2022/12/01,000000,14,18,27,32,39,42,43
2022/12/03,000000,02,15,31,34,38,41,21
2022/12/06,000000,06,11,17,30,44,46,05
2022/12/08,000000,17,19,35,39,44,46,21
2022/12/10,000000,06,12,20,25,39,49,07
2022/12/13,000000,12,38,39,40,45,49,10
2022/12/15,000000,05,07,18,26,31,45,30
2022/12/17,000000,06,14,15,26,35,40,08
2022/12/20,000000,28,36,37,38,41,45,42
2022/12/22,000000,16,18,19,33,41,46,37
2022/12/25,000000,02,07,11,14,18,39,29
2022/12/27,000000,05,13,18,32,39,45,44
2022/12/29,000000,01,02,21,33,41,45,04
2023/01/03,000000,07,20,25,27,35,43,01
2023/01/05,000000,05,09,19,34,36,49,23
2023/01/07,000000,10,31,33,34,43,49,40
2023/01/10,000000,02,21,24,29,35,47,18
2023/01/12,000000,06,22,26,27,40,45,13
2023/01/14,000000,03,05,16,26,35,38,09
2023/01/17,000000,10,15,29,34,38,47,18
2023/01/19,000000,17,25,27,29,36,49,23
2023/01/26,000000,02,03,23,31,32,43,40
2023/01/28,000000,02,12,16,38,45,46,14
2023/02/02,000000,02,08,23,33,34,35,43
2023/02/04,000000,14,18,25,29,31,42,06
2023/02/07,000000,04,11,13,14,30,37,20
2023/02/09,000000,01,09,13,27,29,40,20
2023/02/11,000000,13,18,22,29,34,41,23
2023/02/14,000000,03,13,19,32,33,39,24
2023/02/16,000000,08,09,13,22,38,39,11
2023/02/18,000000,04,12,20,28,34,49,43
2023/02/21,000000,08,19,29,30,33,41,04
2023/02/23,000000,08,16,32,42,47,48,35
2023/02/25,000000,14,25,27,28,44,47,04
2023/02/28,000000,08,13,29,33,40,42,03
2023/03/02,000000,14,17,19,32,39,46,36
2023/03/04,000000,01,09,15,26,42,44,25
2023/03/07,000000,04,11,12,26,37,40,07
2023/03/09,000000,01,04,07,14,31,37,11
2023/03/12,000000,11,12,13,20,35,43,44
2023/03/14,000000,01,02,10,12,18,37,43
2023/03/16,000000,18,21,28,30,34,40,14
2023/03/18,000000,04,07,17,34,42,48,03
2023/03/21,000000,08,13,18,30,33,41,20
2023/03/23,000000,05,14,17,20,22,32,33
2023/03/25,000000,11,15,18,26,31,37,10
2023/03/28,000000,09,10,16,41,44,46,39
2023/03/30,000000,01,08,12,36,42,47,40
2023/04/01,000000,08,09,12,19,21,40,24
2023/04/04,000000,15,19,20,24,36,47,04
2023/04/08,000000,01,13,17,18,33,36,22
2023/04/11,000000,12,23,29,40,42,43,20
2023/04/13,000000,09,14,15,32,36,48,25
2023/04/16,000000,10,12,18,20,23,36,06
2023/04/18,000000,20,23,27,28,30,46,29
2023/04/20,000000,01,20,24,28,38,46,40
2023/04/22,000000,02,06,07,09,17,19,26
2023/04/25,000000,20,26,38,43,46,47,35
2023/04/27,000000,08,12,21,43,44,49,27
2023/04/29,000000,07,08,17,19,27,40,02
2023/05/02,000000,04,10,20,32,38,49,07
2023/05/04,000000,02,10,28,37,47,49,07
2023/05/06,000000,01,05,14,15,21,25,31
2023/05/09,000000,07,10,22,25,32,35,27
2023/05/11,000000,17,18,28,30,32,33,01
2023/05/14,000000,01,04,09,35,37,48,43
2023/05/16,000000,02,18,27,31,32,46,44
2023/05/18,000000,05,06,12,16,41,47,07
2023/05/20,000000,01,19,22,26,46,47,39
2023/05/23,000000,04,14,15,37,41,49,38
2023/05/25,000000,03,14,18,26,40,43,15
2023/05/27,000000,11,20,21,22,27,32,12
2023/05/30,000000,03,09,15,30,32,41,26
2023/06/01,000000,14,30,32,42,45,47,04
2023/06/03,000000,02,16,24,25,47,48,40
2023/06/06,000000,06,12,34,42,45,48,02
2023/06/08,000000,04,22,24,28,45,46,07
2023/06/11,000000,14,16,18,22,30,47,11
2023/06/13,000000,14,16,22,26,36,42,19
2023/06/15,000000,05,13,17,20,33,38,14
2023/06/17,000000,18,22,31,35,44,48,06
2023/06/20,000000,08,18,31,34,35,47,39
2023/06/22,000000,14,15,24,30,37,39,26
2023/06/24,000000,01,11,14,16,26,36,39
2023/06/27,000000,07,10,16,18,29,45,01
2023/06/29,000000,06,10,18,21,22,33,04
2023/07/02,000000,03,06,25,29,35,42,36
2023/07/04,000000,05,15,20,29,32,37,18
2023/07/08,000000,01,11,22,26,38,39,27
2023/07/11,000000,07,19,22,27,40,47,13
2023/07/13,000000,03,08,11,23,36,38,33
2023/07/15,000000,04,09,12,33,37,42,03
2023/07/18,000000,15,16,34,36,39,40,42
2023/07/20,000000,04,16,18,34,35,46,47
2023/07/25,000000,01,02,10,13,29,47,09
2023/07/27,000000,13,15,17,18,20,43,39
2023/07/29,000000,13,23,26,40,41,43,14
2023/08/01,000000,02,07,25,28,31,35,11
2023/08/03,000000,03,14,23,30,33,44,21
2023/08/05,000000,02,08,24,39,41,44,40
2023/08/08,000000,04,07,18,28,30,40,29
2023/08/10,000000,02,03,04,13,18,42,12
2023/08/12,000000,03,12,13,17,24,36,16
2023/08/15,000000,04,12,17,37,38,39,41
2023/08/17,000000,03,09,15,18,21,37,42
2023/08/19,000000,08,14,18,20,23,25,44
2023/08/22,000000,01,05,07,12,48,49,16
2023/08/24,000000,06,18,29,31,44,46,08
2023/08/26,000000,16,26,31,35,39,46,03
2023/08/29,000000,03,06,07,33,36,46,04
2023/08/31,000000,10,15,17,21,40,44,12
2023/09/03,000000,15,20,25,39,45,48,28
2023/09/05,000000,02,05,20,24,27,32,12
2023/09/07,000000,20,22,24,25,29,49,36
2023/09/09,000000,04,06,19,32,39,42,34
2023/09/12,000000,04,10,12,16,30,32,14
2023/09/14,000000,17,27,30,31,32,38,11
2023/09/16,000000,10,24,34,40,41,45,35
2023/09/19,000000,08,09,10,27,35,38,46
2023/09/21,000000,01,10,22,28,33,46,37
2023/09/23,000000,03,27,28,35,44,46,12
2023/09/28,000000,09,12,30,31,45,48,46
2023/09/30,000000,06,08,11,26,35,47,01
2023/10/03,000000,08,16,32,39,40,43,29
2023/10/05,000000,02,11,20,29,41,49,45
2023/10/07,000000,04,09,12,36,43,47,26
2023/10/10,000000,01,12,22,23,34,39,30
2023/10/12,000000,02,13,23,28,30,31,03
2023/10/14,000000,01,29,31,42,47,48,40
2023/10/17,000000,08,18,24,34,41,42,31
2023/10/19,000000,01,13,18,32,34,49,44
2023/10/21,000000,06,08,12,31,32,46,04
2023/10/24,000000,19,20,29,45,48,49,08
2023/10/26,000000,11,16,27,32,33,37,24
2023/10/31,000000,04,33,35,36,41,49,01
2023/11/02,000000,03,14,32,37,43,47,26
2023/11/04,000000,02,13,16,28,40,44,46
2023/11/07,000000,07,16,26,31,47,49,44
2023/11/09,000000,01,04,18,25,30,49,15
2023/11/12,000000,19,26,32,34,37,44,11
2023/11/14,000000,02,15,27,36,37,48,23
2023/11/16,000000,03,05,08,16,26,33,24
2023/11/18,000000,06,25,29,30,34,35,20
2023/11/21,000000,09,11,15,17,19,44,07
2023/11/23,000000,11,16,24,27,28,32,48
2023/11/25,000000,02,08,12,28,34,47,07
2023/11/28,000000,03,14,20,30,38,42,13
2023/11/30,000000,07,12,32,34,36,39,05
2023/12/02,000000,03,17,30,36,38,45,08
2023/12/05,000000,09,16,23,38,39,41,19
2023/12/07,000000,27,28,37,38,43,45,40
2023/12/09,000000,02,03,04,31,46,49,34
2023/12/12,000000,03,10,20,24,27,42,45
2023/12/14,000000,03,04,11,37,44,48,36
2023/12/19,000000,04,09,13,33,35,46,06
2023/12/21,000000,01,10,12,33,46,49,32
2023/12/24,000000,02,08,16,19,37,49,20
2023/12/28,000000,11,18,27,29,34,45,28
2023/12/30,000000,05,08,19,25,41,48,24
2024/01/03,000000,02,03,19,34,37,46,32
2024/01/06,000000,01,04,24,31,33,34,02
2024/01/09,000000,03,09,16,19,33,35,39
2024/01/11,000000,03,06,08,26,29,38,01
2024/01/14,000000,03,17,18,36,38,39,21
2024/01/16,000000,01,06,08,27,41,47,29
2024/01/18,000000,02,10,17,46,47,49,03
2024/01/20,000000,03,25,31,40,43,48,45
2024/01/23,000000,02,06,07,14,30,43,15
2024/01/25,000000,02,05,15,32,45,49,19
2024/01/27,000000,01,08,13,19,34,47,12
2024/01/30,000000,08,20,21,29,30,49,32
2024/02/01,000000,04,12,15,23,24,31,43
2024/02/03,000000,03,07,21,32,36,47,23
2024/02/06,000000,15,18,19,38,41,49,22
2024/02/08,000000,05,07,09,20,22,25,13
2024/02/14,000000,10,12,13,24,25,48,15
2024/02/17,000000,09,23,26,27,36,41,24
2024/02/20,000000,10,26,27,29,30,45,37
2024/02/22,000000,22,25,33,34,35,39,05
2024/02/24,000000,02,07,24,29,30,36,06
2024/02/27,000000,03,11,12,22,24,26,21
2024/02/29,000000,05,13,16,36,39,41,38
2024/03/02,000000,07,23,31,35,43,46,10
2024/03/05,000000,11,24,34,36,39,42,38
2024/03/07,000000,05,22,30,31,32,39,44
2024/03/09,000000,04,05,08,21,32,42,45
2024/03/12,000000,13,16,18,24,32,43,44
2024/03/14,000000,06,23,24,31,34,49,01
2024/03/17,000000,01,08,13,23,40,44,15
2024/03/19,000000,07,08,29,30,36,48,28
2024/03/21,000000,06,19,20,34,39,42,44
2024/03/23,000000,11,18,24,35,42,46,03
2024/03/26,000000,06,11,12,18,24,42,38
2024/03/28,000000,02,09,15,20,39,48,43
2024/03/30,000000,02,06,18,22,36,39,21
2024/04/02,000000,16,25,31,42,43,44,07
2024/04/04,000000,04,08,12,22,24,26,01
2024/04/06,000000,15,16,17,30,34,35,25
2024/04/09,000000,13,20,29,30,34,48,03
2024/04/11,000000,02,07,09,13,33,35,49
2024/04/13,000000,06,10,12,14,17,41,47
2024/04/16,000000,12,14,17,18,23,44,27
2024/04/18,000000,17,25,26,30,38,48,28
2024/04/21,000000,07,08,10,12,17,27,25
2024/04/23,000000,05,06,16,27,37,47,24
2024/04/25,000000,03,17,25,32,36,38,46
2024/04/27,000000,09,18,28,40,47,48,23
2024/04/30,000000,11,12,28,35,37,39,30
2024/05/02,000000,06,18,21,39,42,46,17
2024/05/04,000000,01,03,07,21,28,30,45
2024/05/07,000000,08,19,27,30,36,42,02
2024/05/09,000000,05,14,15,18,23,48,13
2024/05/12,000000,03,09,25,30,36,41,19
2024/05/14,000000,14,37,38,41,45,49,05
2024/05/16,000000,21,32,40,43,44,49,01
2024/05/18,000000,08,17,19,27,33,45,37
2024/05/21,000000,02,03,04,15,37,40,08
2024/05/23,000000,05,09,18,21,36,40,13
2024/05/25,000000,07,26,30,37,46,49,25
2024/05/28,000000,33,37,38,43,44,46,32
2024/05/30,000000,01,24,25,27,30,32,13
2024/06/01,000000,06,18,28,33,36,48,11
2024/06/04,000000,06,11,19,21,27,43,44
2024/06/09,000000,06,09,12,17,19,42,13
2024/06/13,000000,01,05,15,19,25,39,46
2024/06/16,000000,03,07,13,17,21,49,04
2024/06/18,000000,09,16,31,33,38,48,23
2024/06/20,000000,14,21,26,27,42,46,45
2024/06/22,000000,18,25,28,34,42,49,14
2024/06/25,000000,21,30,34,40,48,49,16
2024/06/27,000000,02,17,24,30,32,40,16
2024/06/29,000000,07,21,29,30,36,46,42
2024/07/02,000000,05,08,15,21,27,37,02
2024/07/07,000000,01,02,17,27,34,41,22
2024/07/09,000000,18,25,30,35,36,40,44
2024/07/11,000000,08,20,29,33,34,44,12
2024/07/13,000000,17,21,24,27,29,48,08
2024/07/16,000000,11,13,17,34,40,47,21
2024/07/18,000000,11,12,18,28,29,30,39
2024/07/20,000000,17,18,31,33,39,41,14
2024/07/23,000000,12,13,24,25,27,34,04
2024/07/25,000000,03,16,18,26,43,45,09
2024/07/30,000000,06,07,17,20,21,25,26
2024/08/01,000000,02,09,16,39,43,46,20
2024/08/03,000000,05,06,08,22,26,44,40
2024/08/06,000000,03,04,07,13,27,41,38
2024/08/08,000000,03,06,07,08,11,29,49
2024/08/10,000000,08,12,21,35,44,45,02
2024/08/13,000000,07,09,20,21,30,35,26
2024/08/15,000000,03,16,33,35,39,44,08
2024/08/17,000000,06,13,19,21,26,28,09
2024/08/20,000000,01,04,16,26,39,49,07
2024/08/22,000000,08,09,16,21,32,33,34
2024/08/24,000000,09,15,19,28,31,41,42
2024/08/27,000000,02,15,23,33,34,39,19
2024/08/29,000000,06,07,18,24,28,29,01
2024/08/31,000000,02,21,34,36,41,47,31
2024/09/03,000000,02,03,07,25,46,48,13
2024/09/07,000000,05,24,26,32,35,40,16
2024/09/10,000000,01,12,16,20,21,30,27
2024/09/12,000000,14,18,20,25,32,43,45
2024/09/17,000000,05,18,21,24,27,44,10
2024/09/19,000000,05,18,21,24,44,47,20
2024/09/21,000000,02,03,14,25,27,36,45
2024/09/24,000000,09,17,28,31,40,49,25
2024/09/26,000000,02,04,29,35,38,49,14
2024/10/02,000000,08,15,21,32,43,47,41
2024/10/08,000000,10,16,24,32,37,40,19
2024/10/10,000000,10,33,35,40,44,48,06
2024/10/12,000000,04,08,09,19,20,48,21
2024/10/15,000000,19,36,37,43,44,49,08
2024/10/17,000000,11,17,22,26,33,46,35
2024/10/22,000000,13,21,28,30,41,49,03
2024/10/28,000000,05,06,13,15,36,49,23
2024/10/31,000000,07,13,16,22,23,31,06
2024/11/02,000000,14,16,25,40,41,45,27
2024/11/05,000000,07,11,13,24,27,31,35
2024/11/07,000000,11,17,33,36,40,44,02
2024/11/10,000000,03,20,24,27,30,42,17
2024/11/12,000000,05,13,22,27,45,46,07
2024/11/14,000000,08,14,20,28,36,39,30
2024/11/16,000000,01,03,07,19,31,38,23
2024/11/19,000000,19,32,36,38,39,47,29
2024/11/21,000000,01,03,06,14,32,34,12
2024/11/23,000000,01,02,07,14,15,25,35
2024/11/26,000000,08,11,12,28,29,44,34
2024/11/28,000000,09,15,26,32,33,44,01
2024/11/30,000000,10,14,23,24,33,41,38
2024/12/03,000000,02,13,15,17,22,28,23
2024/12/05,000000,05,12,27,29,38,40,22
2024/12/07,000000,01,15,18,33,34,39,22
2024/12/10,000000,03,18,24,33,43,44,04
2024/12/12,000000,10,14,16,21,37,49,22
2024/12/14,000000,01,16,18,36,37,46,38
2024/12/17,000000,09,11,23,26,30,48,28
2024/12/19,000000,01,02,03,36,37,41,10
2024/12/21,000000,14,20,21,22,23,30,18
2024/12/24,000000,08,11,18,23,25,41,45
2024/12/28,000000,01,03,05,18,26,35,14
2025/01/02,000000,09,23,42,44,45,46,22
2025/01/07,000000,08,13,18,23,31,47,16
2025/01/09,000000,01,19,28,33,35,41,11
2025/01/11,000000,08,15,26,27,30,35,02
2025/01/14,000000,03,05,11,12,18,48,06
2025/01/16,000000,01,03,04,19,38,45,39
2025/01/18,000000,03,04,06,12,18,32,28
2025/01/21,000000,16,22,33,43,48,49,08
2025/01/23,000000,03,06,24,25,34,37,45
2025/01/25,000000,07,14,19,31,36,45,24
2025/02/02,000000,14,18,30,36,40,42,01
2025/02/04,000000,03,13,15,18,19,24,37
2025/02/06,000000,01,04,18,25,38,45,23
2025/02/08,000000,01,07,21,27,33,45,17
2025/02/11,000000,05,15,20,26,30,40,39
2025/02/13,000000,05,26,29,32,42,45,36
2025/02/15,000000,01,08,21,25,29,34,04
2025/02/18,000000,03,07,13,35,37,39,23
2025/02/20,000000,13,20,22,27,41,44,36
2025/02/22,000000,14,15,20,27,41,44,33
2025/02/25,000000,01,02,06,11,40,47,32
2025/02/27,000000,07,11,15,17,25,28,09
2025/03/01,000000,04,15,22,25,29,42,01
2025/03/04,000000,01,09,14,38,42,43,23
2025/03/06,000000,04,11,19,20,30,39,45
2025/03/08,000000,19,25,26,29,32,39,04
2025/03/11,000000,01,04,09,14,21,37,45
2025/03/13,000000,04,16,19,21,26,29,13
2025/03/16,000000,29,30,36,41,48,49,14
2025/03/18,000000,06,08,24,26,29,45,39
2025/03/20,000000,16,20,21,24,39,43,34
2025/03/22,000000,12,23,24,27,36,46,43
2025/03/25,000000,08,11,17,36,43,48,25
2025/03/27,000000,10,19,35,44,47,49,15
2025/03/29,000000,03,05,12,13,45,47,46
2025/04/01,000000,06,14,17,30,35,42,49
2025/04/03,000000,02,04,07,29,32,40,44
2025/04/05,000000,07,11,22,26,39,44,08
2025/04/08,000000,11,17,20,27,36,48,21
2025/04/10,000000,11,22,23,26,32,35,02
2025/04/12,000000,19,21,34,36,47,49,14
2025/04/15,000000,10,20,21,22,23,42,49
2025/04/19,000000,01,11,24,37,45,49,22
2025/04/22,000000,03,07,11,20,23,27,29
2025/04/24,000000,12,16,21,35,44,48,32
2025/04/26,000000,11,15,18,21,29,40,08
2025/04/29,000000,20,21,24,30,32,38,47
2025/05/01,000000,04,07,21,32,41,47,28
2025/05/03,000000,18,20,30,35,47,49,44
2025/05/06,000000,12,15,25,26,29,41,42
2025/05/08,000000,06,11,17,22,27,43,24
2025/05/11,000000,19,26,28,29,46,49,32
2025/05/13,000000,13,26,27,41,45,49,46
2025/05/15,000000,06,12,29,32,34,46,16
2025/05/17,000000,12,22,27,29,32,34,09
2025/05/20,000000,10,15,28,31,34,40,48
2025/05/22,000000,04,11,26,29,34,35,18
2025/05/24,000000,06,14,15,19,45,47,17
2025/05/29,000000,05,06,16,21,24,35,33
2025/06/01,000000,12,16,28,29,38,47,26
2025/06/03,000000,01,02,13,15,41,46,27
2025/06/05,000000,18,22,24,33,39,44,03
2025/06/07,000000,09,15,27,30,34,39,19
2025/06/10,000000,09,13,35,40,45,46,26
2025/06/12,000000,06,25,32,36,39,45,13
2025/06/17,000000,05,19,30,40,44,45,26
2025/06/19,000000,07,12,13,18,34,35,06
2025/06/21,000000,02,04,19,27,31,39,13
2025/06/24,000000,03,21,28,33,45,49,29
2025/06/26,000000,09,11,23,24,29,49,30
2025/06/29,000000,19,29,32,34,42,46,20
2025/07/03,000000,07,17,24,35,37,45,30
2025/07/06,000000,05,09,22,33,46,47,36
2025/07/08,000000,13,16,17,22,23,35,41
2025/07/10,000000,06,13,23,25,32,39,34
2025/07/12,000000,05,17,20,24,27,35,38
2025/07/15,000000,09,12,23,30,31,44,05
2025/07/17,000000,12,19,31,37,42,45,15
2025/07/19,000000,06,25,29,40,48,49,42
2025/07/21,000000,17,20,28,31,35,48,32
2025/07/26,000000,19,22,25,32,33,45,36
2025/07/29,000000,09,11,17,28,35,43,42
2025/07/31,000000,10,21,23,27,35,47,39
2025/08/02,000000,10,14,18,21,34,44,24
2025/08/07,000000,03,07,25,29,37,39,08
2025/08/09,000000,25,36,44,45,48,49,13
2025/08/12,000000,08,16,18,28,29,32,20
2025/08/14,000000,01,13,25,27,31,34,33
2025/08/16,000000,04,10,15,20,32,38,26
2025/08/19,000000,28,32,34,37,45,49,07
2025/08/21,000000,06,08,10,23,32,45,03
2025/08/23,000000,17,22,26,36,39,45,14
2025/08/26,000000,02,03,16,25,38,48,06
2025/08/28,000000,05,36,39,44,48,49,32
2025/08/30,000000,06,18,31,33,44,49,02
2025/09/02,000000,05,18,23,24,29,49,11
2025/09/06,000000,06,19,22,23,34,43,11
2025/09/09,000000,07,15,32,40,42,44,09
2025/09/11,000000,11,21,22,25,32,44,38
2025/09/13,000000,15,21,23,37,47,49,30
2025/09/16,000000,14,21,22,28,32,33,25
2025/09/18,000000,22,33,35,36,37,48,30
2025/09/20,000000,08,13,17,24,36,43,41
2025/09/25,000000,02,11,22,27,46,47,32
2025/09/27,000000,08,14,16,18,26,48,44
2025/09/30,000000,13,21,33,41,44,46,43
2025/10/06,000000,15,17,19,23,24,34,33
2025/10/09,000000,01,03,24,31,39,45,07
2025/10/11,000000,05,06,18,19,30,39,07
2025/10/14,000000,03,15,17,24,32,44,20
2025/10/16,000000,02,11,32,40,43,48,12
2025/10/18,000000,05,13,17,18,31,44,02
2025/10/21,000000,01,08,09,11,18,32,13
2025/10/23,000000,04,19,24,25,26,46,39
2025/10/25,000000,06,07,27,36,39,43,01
2025/10/28,000000,04,07,15,21,45,46,24
2025/11/04,000000,19,20,26,28,39,44,04
2025/11/06,000000,10,17,22,33,40,41,31
2025/11/08,000000,07,09,16,17,33,46,49
2025/11/11,000000,18,20,28,37,38,40,41
2025/11/13,000000,10,11,28,30,37,39,15
2025/11/16,000000,02,11,13,28,38,47,07
2025/11/18,000000,02,04,10,26,28,36,23
2025/11/20,000000,19,26,33,35,36,39,05
2025/11/25,000000,01,02,17,35,37,48,08
2025/12/02,000000,06,18,29,34,37,38,39
2025/12/06,000000,04,06,26,28,34,40,25
2025/12/11,000000,01,05,06,25,30,42,43
2025/12/13,000000,10,17,19,28,45,49,01
2025/12/16,000000,03,12,23,28,35,38,24
2025/12/18,000000,06,23,28,31,33,34,11
2025/12/21,000000,09,17,27,34,39,47,46
2025/12/25,000000,01,02,04,30,41,43,13
2025/12/28,000000,07,10,11,19,25,30,45
2026/01/03,000000,02,10,13,16,20,21,14
2026/01/06,000000,02,08,12,19,28,36,01
2026/01/08,000000,15,21,24,40,45,46,13
2026/01/10,000000,03,16,20,22,24,37,42
2026/01/13,000000,14,24,34,38,48,49,27
2026/01/15,000000,03,06,37,38,39,44,48
2026/01/17,000000,05,12,15,23,27,42,46
2026/01/20,000000,01,04,06,09,44,46,27
2026/01/22,000000,04,09,15,24,27,31,45
2026/01/24,000000,06,16,17,22,28,48,45
2026/01/27,000000,07,12,14,25,38,47,15
2026/01/29,000000,06,09,12,14,35,44,11
2026/01/31,000000,25,30,32,35,36,47,46
2026/02/03,000000,12,23,27,37,39,42,05
2026/02/05,000000,01,09,17,24,35,36,42
2026/02/07,000000,12,22,28,32,37,44,20
2026/02/10,000000,03,04,14,18,26,39,40
2026/02/12,000000,02,03,14,25,37,46,10
2026/02/15,000000,08,28,33,36,37,46,04
2026/02/21,000000,02,18,34,35,37,49,33
2026/02/24,000000,02,03,04,10,13,23,12
2026/02/26,000000,06,13,15,19,38,42,34
2026/02/28,000000,05,15,37,39,46,47,29
2026/03/03,000000,06,13,20,31,32,44,45
2026/03/05,000000,04,18,24,31,42,46,11
2026/03/07,000000,12,15,18,22,28,37,31
2026/03/10,000000,02,16,25,34,35,37,49
2026/03/12,000000,07,13,14,16,26,30,34
2026/03/17,000000,16,18,22,28,45,49,13
2026/03/19,000000,02,06,08,33,41,45,48
2026/03/21,000000,05,09,11,18,23,47,24
2026/03/24,000000,06,09,22,26,44,49,07
2026/03/26,000000,12,17,23,27,28,37,03
2026/03/28,000000,11,21,26,27,42,45,19
2026/03/31,000000,09,18,19,20,28,32,44
2026/04/04,000000,20,28,32,35,40,45,43
2026/04/07,000000,08,23,25,29,33,34,49
2026/04/09,000000,13,16,24,43,44,45,40
2026/04/11,000000,11,14,17,28,40,42,02
2026/04/14,000000,08,19,22,33,44,46,18
2026/04/16,000000,06,12,14,28,44,46,15
2026/04/18,000000,17,20,27,32,39,46,34
2026/04/21,000000,02,04,10,11,26,44,40
2026/04/23,000000,12,23,37,38,45,48,08
2026/04/25,000000,04,16,21,36,42,46,09
2026/05/02,000000,02,03,08,28,30,48,09
2026/05/05,000000,02,07,08,10,18,47,04
2026/05/07,000000,06,14,20,23,28,34,49
2026/05/10,000000,09,17,26,41,42,47,08
2026/05/12,000000,04,16,19,22,25,47,40
2026/05/14,000000,23,27,30,34,45,47,28
2026/05/16,000000,11,25,28,36,41,43,22
2026/05/19,000000,01,02,04,20,21,27,19
2026/05/21,000000,05,07,13,15,27,31,16
2026/05/23,000000,02,07,20,42,47,49,08
2026/05/26,000000,10,11,18,32,34,47,33
2026/05/28,000000,07,13,25,35,40,43,47
2026/05/30,000000,01,12,21,39,40,41,42
2026/06/02,000000,09,14,16,35,37,45,20
2026/06/04,000000,04,07,15,37,43,47,44
2026/06/06,000000,05,12,19,20,34,36,46
2026/06/09,000000,08,11,14,26,33,40,30
2026/06/11,000000,03,06,09,10,28,29,27
2026/06/14,000000,10,12,17,29,32,35,01
2026/06/18,000000,06,20,26,31,34,47,24
2026/06/20,000000,05,07,10,15,16,41,46
2026/06/23,000000,02,15,25,34,39,41,10
2026/06/25,000000,12,16,19,20,28,30,29
2026/06/28,000000,05,07,26,32,37,40,35
2026/06/30,000000,12,14,17,18,22,40,13
2026/07/02,000000,05,17,26,31,34,46,43
2026/07/05,000000,03,14,19,20,31,38,44
2026/07/07,000000,05,34,37,43,48,49,27
2026/07/09,000000,01,07,18,21,33,38,28
2026/07/11,000000,02,05,07,11,41,46,43
2026/07/14,000000,10,16,19,27,31,44,17
2026/07/16,000000,18,21,26,30,32,44,27
2026/07/21,000000,01,06,37,41,45,47,08
2026/07/23,000000,04,07,15,29,32,46,23
2026/07/25,000000,05,07,12,26,31,42,11
2026/07/28,000000,04,07,14,20,21,30,34
2026/07/30,000000,01,02,14,17,23,35,48
2026/08/01,000000,01,07,16,22,32,37,23
2026/08/04,000000,04,11,13,16,31,33,38
2026/08/06,000000,13,24,29,30,42,48,03
2026/08/08,000000,01,03,07,31,32,49,47
2026/08/11,000000,11,19,28,36,43,48,13
2026/08/13,000000,21,27,35,40,47,48,23
2026/08/15,000000,04,16,25,27,28,33,14
2026/08/18,000000,07,08,09,14,39,41,49
2026/08/20,000000,07,09,10,15,24,46,34
2026/08/22,000000,07,09,12,25,34,40,29
2026/08/25,000000,01,18,19,25,34,38,07
2026/08/27,000000,12,17,25,31,44,45,35
2026/08/29,000000,04,07,08,11,26,30,42
